tiempo_s,unidad
0.10375,1.0
0.15945,0.0
0.1724,0.0
0.2833,1.0
0.3067,0.0
0.32655,0.0
0.36455,0.0
0.4554,0.0
0.4986,0.0
0.56185,0.0
0.5706,0.0
0.6311,1.0
0.65415,0.0
0.73065,1.0
0.74735,0.0
0.90445,2.0
1.1961,1.0
1.24185,0.0
1.26175,0.0
1.3043,0.0
1.33565,1.0
1.3563,1.0
1.4475,0.0
1.46485,0.0
1.47875,0.0
1.4938,1.0
1.4999,0.0
1.50935,0.0
1.55035,0.0
1.59495,0.0
1.6091,0.0
1.65005,0.0
1.65235,0.0
1.71015,0.0
1.78295,1.0
1.8698,0.0
1.97765,0.0
2.01265,
2.03215,0.0
2.08945,0.0
2.1274,2.0
2.2419,2.0
2.24865,0.0
2.29425,0.0
2.413,0.0
2.45545,2.0
2.4735,2.0
2.53755,0.0
2.5565,1.0
2.5639,0.0
2.6053,2.0
2.61655,0.0
2.70135,1.0
2.76245,0.0
2.7676,0.0
2.8498,0.0
2.9283,0.0
2.97005,0.0
2.98775,0.0
3.0121,2.0
3.0613,2.0
3.11475,0.0
3.13075,0.0
3.15185,0.0
3.17775,0.0
3.23115,0.0
3.27715,1.0
3.33635,0.0
3.41565,0.0
3.42955,0.0
3.4686,1.0
3.4907,0.0
3.72645,0.0
3.7365,1.0
3.76105,0.0
3.8222,0.0
3.8528,0.0
3.90725,0.0
3.92395,1.0
3.93665,0.0
3.96175,1.0
4.02335,0.0
4.06435,0.0
4.07055,0.0
4.08455,0.0
4.1348,0.0
4.16615,0.0
4.20235,0.0
4.20845,2.0
4.24105,1.0
4.271,0.0
4.30065,0.0
4.32655,1.0
4.33135,0.0
4.3338,0.0
4.33855,1.0
4.376,0.0
4.38405,0.0
4.39555,0.0
4.4204,0.0
4.5773,0.0
4.67725,0.0
4.8266,0.0
4.8298,0.0
4.9075,0.0
4.9347,0.0
4.96685,2.0
5.02295,0.0
5.0314,0.0
5.039,0.0
5.0577,0.0
5.2431,2.0
5.2622,1.0
5.2982,0.0
5.35885,0.0
5.47905,0.0
5.5096,1.0
5.61095,0.0
5.6404,2.0
5.68235,0.0
5.93975,1.0
6.03445,2.0
6.1731,1.0
6.17965,0.0
6.2286,0.0
6.24905,0.0
6.26695,0.0
6.31445,0.0
6.3403,0.0
6.3795,1.0
6.4071,0.0
6.45235,0.0
6.48785,0.0
6.53315,0.0
6.58165,1.0
6.5905,0.0
6.63185,0.0
6.69455,0.0
6.78505,0.0
6.8907,0.0
6.9374,0.0
6.99585,0.0
7.0015,0.0
7.004,2.0
7.00755,2.0
7.01035,2.0
7.102,0.0
7.2161,1.0
7.2785,1.0
7.3421,0.0
7.36785,2.0
7.4368,2.0
7.45275,0.0
7.52955,1.0
7.578,0.0
7.60745,1.0
7.70745,0.0
7.72925,1.0
7.81675,0.0
7.8431,0.0
7.8601,0.0
7.89965,2.0
8.0108,0.0
8.0504,1.0
8.2903,0.0
8.31015,0.0
8.4404,0.0
8.45075,0.0
8.5118,1.0
8.5663,0.0
8.6717,1.0
8.6766,0.0
8.7296,0.0
8.75555,0.0
8.84215,1.0
8.96405,2.0
9.09105,0.0
9.1176,0.0
9.16565,0.0
9.2261,0.0
9.25305,0.0
9.30125,0.0
9.3165,0.0
9.3308,0.0
9.3674,0.0
9.43225,0.0
9.4394,0.0
9.4986,1.0
9.51975,1.0
9.5364,1.0
9.5451,0.0
9.6575,0.0
9.6612,0.0
9.74875,0.0
9.7576,2.0
9.79465,1.0
9.8009,0.0
9.84085,0.0
9.88995,0.0
9.9842,1.0
10.0053,0.0
10.0968,1.0
10.10575,0.0
10.14365,0.0
10.1466,1.0
10.17735,0.0
10.2348,0.0
10.2737,0.0
10.3092,0.0
10.37555,1.0
10.7974,0.0
10.82755,1.0
10.8969,0.0
10.9109,0.0
10.95865,0.0
10.9645,1.0
10.98265,0.0
11.19625,0.0
11.2139,0.0
11.307,1.0
11.32265,0.0
11.3412,1.0
11.36145,0.0
11.37885,0.0
11.41665,0.0
11.47035,0.0
11.5571,0.0
11.57285,0.0
11.59065,1.0
11.61115,1.0
11.65405,2.0
11.6755,0.0
11.8434,0.0
11.8663,1.0
11.8841,1.0
11.89485,0.0
11.99095,1.0
12.0297,0.0
12.03315,2.0
12.0395,1.0
12.17415,0.0
12.22535,0.0
12.23705,1.0
12.25815,1.0
12.26145,0.0
12.27445,0.0
12.28925,0.0
12.37755,0.0
12.41925,1.0
12.50015,1.0
12.55605,0.0
12.5622,0.0
12.6289,0.0
12.63805,0.0
12.77665,0.0
12.9561,0.0
13.02755,0.0
13.0506,0.0
13.0651,0.0
13.0774,1.0
13.08355,1.0
13.1444,0.0
13.1648,2.0
13.2457,1.0
13.43575,1.0
13.4494,1.0
13.4517,1.0
13.4539,0.0
13.48665,0.0
13.49565,0.0
13.5759,2.0
13.6616,0.0
13.67845,
13.73185,2.0
13.81755,2.0
13.84425,0.0
13.8654,0.0
13.94085,1.0
14.00155,0.0
14.01295,1.0
14.07615,1.0
14.14125,0.0
14.15105,0.0
14.19745,0.0
14.36595,0.0
14.40875,2.0
14.45545,0.0
14.4579,0.0
14.5916,1.0
14.63175,1.0
14.65955,0.0
14.67675,0.0
14.68655,0.0
14.7064,1.0
14.7832,1.0
14.83115,1.0
14.87275,1.0
14.9166,0.0
14.9552,0.0
15.102,0.0
15.1304,0.0
15.1561,1.0
15.1707,1.0
15.2881,0.0
15.29795,1.0
15.3159,2.0
15.52795,1.0
15.53855,2.0
15.5755,0.0
15.71515,0.0
15.82175,1.0
15.85815,0.0
15.8863,0.0
16.01645,0.0
16.06955,0.0
16.0941,1.0
16.1104,0.0
16.18085,0.0
16.20965,0.0
16.2204,1.0
16.28985,1.0
16.3141,1.0
16.32805,1.0
16.36025,2.0
16.3992,1.0
16.42115,0.0
16.44875,0.0
16.46285,2.0
16.57985,0.0
16.692,0.0
16.6964,0.0
16.7889,1.0
16.80965,0.0
16.8275,0.0
16.85615,1.0
16.9021,1.0
16.94225,0.0
16.95825,0.0
17.02115,1.0
17.0413,1.0
17.07605,0.0
17.0835,0.0
17.3104,0.0
17.3951,0.0
17.5688,0.0
17.6193,0.0
17.64585,0.0
17.66535,1.0
17.6991,0.0
17.83415,1.0
17.83645,0.0
17.87215,0.0
17.87815,0.0
17.9323,1.0
17.9608,0.0
18.03585,0.0
18.0425,0.0
18.2568,1.0
18.2868,1.0
18.3005,0.0
18.4852,0.0
18.57925,1.0
18.6321,0.0
18.6372,0.0
18.69165,0.0
18.7525,1.0
18.8297,0.0
18.85995,0.0
18.8742,0.0
18.9144,1.0
18.9211,1.0
18.9839,0.0
18.9942,0.0
19.00215,0.0
19.07155,0.0
19.1275,0.0
19.1525,1.0
19.17555,2.0
19.26745,1.0
19.29185,1.0
19.30315,1.0
19.32185,1.0
19.33695,0.0
19.40215,0.0
19.5143,1.0
19.61915,0.0
19.68955,0.0
19.70995,0.0
19.72025,0.0
19.92385,1.0
19.9442,2.0
20.0446,0.0
20.0943,2.0
20.10445,0.0
20.1899,0.0
20.21475,1.0
20.24605,0.0
20.2972,1.0
20.3301,0.0
20.38055,0.0
20.3861,0.0
20.50235,0.0
20.5494,1.0
20.58675,0.0
20.6006,1.0
20.6306,1.0
20.6798,0.0
20.76195,1.0
20.82665,0.0
20.88615,0.0
20.91105,0.0
21.032,0.0
21.04615,0.0
21.0555,0.0
21.14615,1.0
21.15525,0.0
21.19875,0.0
21.212,1.0
21.23935,1.0
21.27445,0.0
21.3081,0.0
21.42595,0.0
21.4577,1.0
21.4598,1.0
21.5889,1.0
21.6147,0.0
21.80705,0.0
21.8193,1.0
21.87015,0.0
21.89525,0.0
21.907,1.0
21.91055,1.0
21.97825,0.0
21.98095,1.0
22.1695,0.0
22.1717,0.0
22.1886,1.0
22.2307,0.0
22.25375,0.0
22.29845,1.0
22.31955,0.0
22.3342,1.0
22.49855,0.0
22.5423,1.0
22.64545,0.0
22.6918,0.0
22.7081,1.0
22.74405,0.0
22.8446,0.0
22.92115,0.0
22.976,1.0
23.19515,2.0
23.35195,0.0
23.3635,0.0
23.3655,0.0
23.4513,2.0
23.4807,0.0
23.7909,1.0
23.80415,1.0
23.81785,0.0
23.86535,0.0
23.8839,0.0
23.88985,0.0
24.0259,0.0
24.12045,0.0
24.14745,0.0
24.19655,0.0
24.20475,0.0
24.21465,0.0
24.32115,0.0
24.33175,1.0
24.38465,0.0
24.51705,0.0
24.5235,2.0
24.58455,0.0
24.58715,0.0
24.6326,0.0
24.6573,0.0
24.68935,1.0
24.69145,0.0
24.7687,1.0
24.8417,0.0
24.86465,0.0
24.91545,0.0
24.92495,0.0
24.9747,2.0
25.05025,1.0
25.07165,2.0
25.1235,0.0
25.20765,0.0
25.31315,2.0
25.35905,1.0
25.424,1.0
25.4904,0.0
25.5154,0.0
25.59445,0.0
25.7525,0.0
25.82185,1.0
25.8789,0.0
25.8964,0.0
25.9054,0.0
26.01735,0.0
26.13645,0.0
26.148,0.0
26.17705,2.0
26.313,0.0
26.3606,0.0
26.56765,0.0
26.60235,2.0
26.71415,2.0
26.721,1.0
26.86615,0.0
26.9014,0.0
27.0164,1.0
27.0541,0.0
27.13325,0.0
27.21965,0.0
27.2653,0.0
27.2785,0.0
27.3354,1.0
27.46815,0.0
27.4848,1.0
27.48845,0.0
27.50465,1.0
27.55695,2.0
27.60725,0.0
27.65075,0.0
27.66035,0.0
27.8338,0.0
27.86655,0.0
27.87735,0.0
27.8863,0.0
27.89615,0.0
27.9936,0.0
28.0232,1.0
28.04885,1.0
28.06265,1.0
28.1305,0.0
28.20325,0.0
28.21415,2.0
28.23815,0.0
28.28615,1.0
28.37575,0.0
28.3973,1.0
28.43225,0.0
28.4638,0.0
28.5297,1.0
28.5769,1.0
28.6621,0.0
28.69815,1.0
28.7169,0.0
28.7314,0.0
28.8709,1.0
28.93685,0.0
29.1311,0.0
29.1481,0.0
29.22525,0.0
29.26255,1.0
29.3227,2.0
29.32775,0.0
29.36415,0.0
29.42175,0.0
29.51365,0.0
29.51715,2.0
29.5692,0.0
29.6027,0.0
29.6553,2.0
29.65745,0.0
29.7011,1.0
29.72235,0.0
29.73375,0.0
29.92415,0.0
29.9267,0.0
29.9683,2.0
29.9955,0.0
30.0005,0.0
30.0627,0.0
30.06985,0.0
30.1048,0.0
30.127,0.0
30.14475,0.0
30.1718,0.0
30.2017,0.0
30.207,1.0
30.39005,0.0
30.39705,1.0
30.52335,0.0
30.57705,1.0
30.58875,1.0
30.59365,0.0
30.66875,1.0
30.76445,0.0
30.8206,0.0
30.82375,0.0
30.8384,0.0
30.93455,0.0
31.0018,0.0
31.02705,1.0
31.0364,1.0
31.07235,0.0
31.10715,1.0
31.1228,0.0
31.1259,0.0
31.15265,0.0
31.15485,1.0
31.1643,1.0
31.16655,0.0
31.17895,1.0
31.192,0.0
31.2322,0.0
31.23945,1.0
31.2438,1.0
31.2477,0.0
31.2634,0.0
31.2764,0.0
31.2911,0.0
31.30085,0.0
31.30415,0.0
31.31115,1.0
31.31595,0.0
31.31975,1.0
31.3264,1.0
31.33,1.0
31.34115,0.0
31.35205,0.0
31.3553,1.0
31.35865,0.0
31.36405,0.0
31.3702,1.0
31.38085,1.0
31.409,0.0
31.41465,0.0
31.41935,1.0
31.436,0.0
31.44035,1.0
31.48305,1.0
31.4928,1.0
31.49935,1.0
31.5887,0.0
31.638,0.0
31.65865,0.0
31.66655,0.0
31.7601,0.0
31.77895,0.0
31.82705,0.0
31.8731,0.0
31.98475,0.0
32.09795,0.0
32.1283,0.0
32.2013,1.0
32.2465,0.0
32.256,2.0
32.28715,0.0
32.4114,0.0
32.42205,0.0
32.4534,2.0
32.4592,0.0
32.50665,1.0
32.57815,2.0
32.58965,0.0
32.63355,0.0
32.7104,0.0
32.81865,0.0
32.88865,1.0
32.89675,1.0
32.9652,1.0
32.9748,0.0
33.20185,0.0
33.2683,1.0
33.2851,1.0
33.29765,0.0
33.3052,0.0
33.38155,0.0
33.4463,0.0
33.49215,2.0
33.49555,0.0
33.629,1.0
33.6702,2.0
33.739,2.0
34.0178,1.0
34.02945,0.0
34.03635,0.0
34.0499,1.0
34.0654,0.0
34.0927,1.0
34.1062,0.0
34.114,0.0
34.122,1.0
34.1372,0.0
34.1615,0.0
34.1745,0.0
34.2022,1.0
34.20595,0.0
34.21775,1.0
34.22035,0.0
34.2228,1.0
34.23215,0.0
34.2359,0.0
34.24345,0.0
34.25225,0.0
34.28345,0.0
34.2913,0.0
34.2977,0.0
34.3053,0.0
34.30995,0.0
34.3122,0.0
34.33045,0.0
34.3394,1.0
34.3578,1.0
34.3626,0.0
34.3733,1.0
34.3794,0.0
34.39525,0.0
34.4337,0.0
34.43765,0.0
34.4667,1.0
34.47255,0.0
34.68145,1.0
34.68875,0.0
34.73235,0.0
34.7886,1.0
34.7949,0.0
34.82895,1.0
34.8888,0.0
34.90045,0.0
34.9526,0.0
34.96945,1.0
35.0705,0.0
35.16025,0.0
35.26865,1.0
35.3361,2.0
35.47895,0.0
35.49155,1.0
35.5501,2.0
35.61785,0.0
35.6501,0.0
35.6532,2.0
35.70855,0.0
35.7706,0.0
35.7813,0.0
35.78485,0.0
35.85365,0.0
36.0953,1.0
36.09865,0.0
36.17575,1.0
36.1886,1.0
36.20365,1.0
36.31665,1.0
36.33365,0.0
36.3518,0.0
36.45125,1.0
36.4627,0.0
36.5016,0.0
36.5136,1.0
36.5337,1.0
36.54465,2.0
36.6541,0.0
36.6624,1.0
36.68475,0.0
36.6912,0.0
36.7036,0.0
36.78695,0.0
36.7922,0.0
36.82065,2.0
36.8691,0.0
36.89995,0.0
36.92465,1.0
36.9838,0.0
37.03665,1.0
37.0412,1.0
37.1404,1.0
37.1761,1.0
37.18825,1.0
37.21055,1.0
37.2719,1.0
37.28435,1.0
37.2865,1.0
37.31305,0.0
37.3348,1.0
37.34725,1.0
37.3753,1.0
37.4047,1.0
37.4192,1.0
37.4243,1.0
37.4481,1.0
37.46045,1.0
37.4938,1.0
37.50605,2.0
37.5179,0.0
37.56845,0.0
37.6841,0.0
37.68665,1.0
37.7152,0.0
37.74815,0.0
37.79145,0.0
37.8621,0.0
37.8891,1.0
38.11355,1.0
38.1195,1.0
38.13105,1.0
38.3396,0.0
38.4021,0.0
38.5008,2.0
38.6317,1.0
38.67875,0.0
38.7482,0.0
38.8133,0.0
38.85725,0.0
39.0113,0.0
39.0628,0.0
39.15375,0.0
39.16765,0.0
39.19565,2.0
39.2065,1.0
39.23415,1.0
39.276,0.0
39.29055,0.0
39.36525,2.0
39.38785,0.0
39.5594,0.0
39.5676,1.0
39.8363,1.0
39.8748,1.0
39.97685,0.0
40.00515,1.0
40.0098,1.0
40.01465,1.0
40.06505,1.0
40.07515,1.0
40.1045,0.0
40.11915,1.0
40.16135,1.0
40.17875,1.0
40.19395,1.0
40.2,1.0
40.233,1.0
40.24075,1.0
40.24935,1.0
40.2595,1.0
40.2771,1.0
40.2985,2.0
40.31795,1.0
40.33635,1.0
40.3441,1.0
40.37985,1.0
40.38845,1.0
40.40275,1.0
40.43075,1.0
40.4352,0.0
40.4564,1.0
40.4619,1.0
40.4721,1.0
40.4815,0.0
40.48945,1.0
40.4915,1.0
40.53485,0.0
40.6563,0.0
40.69015,0.0
40.73675,0.0
40.73915,0.0
40.80315,1.0
40.82255,1.0
40.8838,1.0
40.89595,0.0
40.9402,0.0
40.97455,0.0
40.9829,0.0
41.00525,0.0
41.0532,0.0
41.0644,2.0
41.07255,1.0
41.08145,1.0
41.11695,2.0
41.12045,0.0
41.12355,1.0
41.12945,0.0
41.1535,0.0
41.16955,0.0
41.20845,2.0
41.23665,0.0
41.27315,0.0
41.3772,0.0
41.4428,0.0
41.4457,0.0
41.5519,0.0
41.5611,0.0
41.5931,0.0
41.7341,0.0
41.8192,0.0
41.858,0.0
42.02515,1.0
42.07635,0.0
42.07845,1.0
42.18025,1.0
42.21895,0.0
42.2618,1.0
42.37255,2.0
42.46045,0.0
42.4684,0.0
42.5329,0.0
42.55275,0.0
42.5645,1.0
42.56695,0.0
42.5945,0.0
42.632,0.0
42.6789,0.0
42.7301,1.0
42.7622,0.0
42.76665,0.0
42.7718,1.0
42.79535,0.0
42.7974,1.0
42.84145,0.0
42.88885,0.0
42.91655,1.0
42.94155,1.0
42.94845,0.0
42.9903,1.0
43.00815,0.0
43.0291,1.0
43.069,1.0
43.0727,1.0
43.1313,0.0
43.13285,1.0
43.1794,1.0
43.1861,1.0
43.2189,0.0
43.22465,1.0
43.23385,1.0
43.24025,1.0
43.2525,1.0
43.255,1.0
43.2602,0.0
43.31615,1.0
43.35145,1.0
43.36255,1.0
43.3922,1.0
43.4035,1.0
43.46265,1.0
43.4984,1.0
43.5179,2.0
43.61525,2.0
43.6213,0.0
43.65275,0.0
43.817,1.0
43.90505,0.0
43.91455,0.0
43.98275,0.0
43.986,1.0
44.01365,0.0
44.0884,0.0
44.1111,0.0
44.1166,0.0
44.1777,1.0
44.252,0.0
44.2703,0.0
44.2917,0.0
44.30365,1.0
44.3066,0.0
44.3217,1.0
44.3427,0.0
44.39265,0.0
44.4039,0.0
44.4811,0.0
44.48655,1.0
44.495,1.0
44.62365,0.0
44.65005,0.0
44.6987,0.0
44.71675,1.0
44.76465,0.0
44.93135,1.0
45.0011,1.0
45.0068,0.0
45.0256,1.0
45.0633,0.0
45.0768,0.0
45.15075,0.0
45.1751,0.0
45.213,2.0
45.2683,2.0
45.4439,1.0
45.4859,1.0
45.4983,0.0
45.53855,1.0
45.58055,0.0
45.6256,0.0
45.76415,0.0
45.8508,0.0
45.9081,0.0
45.9291,0.0
45.99165,0.0
46.0014,1.0
46.0239,1.0
46.0399,0.0
46.04165,1.0
46.0439,1.0
46.0496,1.0
46.05625,1.0
46.05995,1.0
46.06305,1.0
46.0733,1.0
46.1144,1.0
46.1386,1.0
46.1446,1.0
46.1521,1.0
46.1549,0.0
46.15705,1.0
46.1671,2.0
46.17585,1.0
46.18625,1.0
46.19085,1.0
46.193,0.0
46.2008,1.0
46.2057,1.0
46.21265,1.0
46.2151,1.0
46.21915,1.0
46.24575,2.0
46.25515,1.0
46.26585,1.0
46.27615,1.0
46.2819,1.0
46.2841,1.0
46.2967,0.0
46.33775,1.0
46.35015,1.0
46.3553,1.0
46.35845,1.0
46.36665,0.0
46.37205,1.0
46.3826,1.0
46.39235,1.0
46.397,1.0
46.4032,1.0
46.42615,1.0
46.42885,1.0
46.43815,1.0
46.4486,0.0
46.4664,1.0
46.47455,1.0
46.48045,1.0
46.49015,1.0
46.52535,0.0
46.5305,0.0
46.54025,0.0
46.55825,1.0
46.60165,1.0
46.67015,0.0
46.7234,0.0
46.74075,0.0
46.81035,0.0
46.84825,0.0
46.8543,0.0
46.89765,0.0
46.9413,2.0
47.01365,0.0
47.0535,0.0
47.0954,1.0
47.2112,1.0
47.2495,2.0
47.2874,0.0
47.29625,0.0
47.32585,0.0
47.36175,0.0
47.4025,1.0
47.4172,1.0
47.42825,0.0
47.52835,0.0
47.565,0.0
47.58045,0.0
47.66325,0.0
47.7081,0.0
47.76765,1.0
47.7925,2.0
47.82555,0.0
47.96455,1.0
47.9664,0.0
48.04765,1.0
48.0666,0.0
48.0746,0.0
48.08905,0.0
48.2075,0.0
48.21855,0.0
48.22125,0.0
48.2573,0.0
48.33425,0.0
48.36725,0.0
48.3931,0.0
48.4086,0.0
48.4233,2.0
48.5435,0.0
48.5789,0.0
48.5856,1.0
48.60075,0.0
48.6127,0.0
48.71275,0.0
48.7636,0.0
48.76875,0.0
48.8332,1.0
49.0189,1.0
49.0324,1.0
49.06045,1.0
49.0695,1.0
49.07205,1.0
49.078,1.0
49.12,1.0
49.1251,1.0
49.1327,0.0
49.1724,1.0
49.1901,1.0
49.20095,1.0
49.2073,1.0
49.2305,1.0
49.24775,1.0
49.2579,1.0
49.32125,1.0
49.34465,1.0
49.35035,1.0
49.38175,1.0
49.3864,1.0
49.39355,0.0
49.39675,1.0
49.40015,1.0
49.4093,1.0
49.4161,1.0
49.4701,1.0
49.4822,1.0
49.4885,1.0
49.49875,0.0
49.5207,0.0
49.59875,1.0
49.60435,0.0
49.6795,0.0
49.72885,0.0
49.8759,0.0
49.8877,1.0
49.8983,0.0
49.91245,1.0
49.964,0.0
50.0014,2.0
50.0342,0.0
50.1015,1.0
50.10825,2.0
50.18855,1.0
50.1938,2.0
50.25955,0.0
50.2658,0.0
50.29035,0.0
50.3405,1.0
50.3429,0.0
50.37365,1.0
50.3876,2.0
50.429,0.0
50.4552,0.0
50.49005,0.0
50.5673,0.0
50.5865,0.0
50.7658,0.0
50.90525,1.0
50.9253,0.0
51.03145,0.0
51.29935,0.0
51.3124,0.0
51.32115,1.0
51.41005,0.0
51.41275,0.0
51.45985,0.0
51.49045,0.0
51.50115,0.0
51.533,0.0
51.56225,0.0
51.6185,1.0
51.65915,0.0
51.66235,2.0
51.81355,0.0
51.8206,2.0
51.82405,0.0
51.9305,0.0
51.9982,0.0
52.00135,1.0
52.01055,1.0
52.0335,0.0
52.04405,1.0
52.10785,1.0
52.12485,1.0
52.1303,1.0
52.1497,1.0
52.1522,1.0
52.1639,1.0
52.17315,1.0
52.18495,1.0
52.2018,1.0
52.2293,1.0
52.2489,1.0
52.2606,0.0
52.26365,1.0
52.277,1.0
52.2843,1.0
52.31395,1.0
52.35555,1.0
52.35825,1.0
52.37265,0.0
52.38805,1.0
52.39945,1.0
52.4026,0.0
52.4536,1.0
52.46285,0.0
52.5919,0.0
52.6607,1.0
52.7015,0.0
52.7041,0.0
52.72745,0.0
52.78245,0.0
52.79065,0.0
52.8166,1.0
52.98255,0.0
53.00455,0.0
53.11755,2.0
53.164,0.0
53.18485,0.0
53.268,0.0
53.2832,0.0
53.29115,1.0
53.32225,1.0
53.33455,1.0
53.3432,0.0
53.3717,0.0
53.37635,1.0
53.4337,1.0
53.558,0.0
53.5603,1.0
53.56915,0.0
53.661,0.0
53.6639,0.0
53.69435,1.0
53.7121,0.0
53.7374,0.0
53.75185,1.0
53.7627,0.0
53.88565,1.0
53.9019,0.0
53.9379,0.0
53.9518,0.0
54.0042,0.0
54.096,0.0
54.1264,2.0
54.1293,0.0
54.16115,0.0
54.2041,0.0
54.2937,2.0
54.30105,0.0
54.3955,0.0
54.5406,0.0
54.55385,0.0
54.5854,0.0
54.6796,0.0
54.7057,0.0
54.7385,0.0
54.7535,1.0
54.78245,2.0
54.8132,0.0
54.8283,1.0
54.90325,0.0
54.9342,0.0
54.95295,0.0
54.9622,0.0
54.9646,0.0
55.00915,1.0
55.02145,0.0
55.05065,0.0
55.0532,0.0
55.08975,1.0
55.0957,0.0
55.12905,1.0
55.1491,1.0
55.1548,1.0
55.1695,1.0
55.18995,1.0
55.1989,1.0
55.21075,1.0
55.2137,1.0
55.21665,1.0
55.22435,0.0
55.23165,0.0
55.25895,1.0
55.26355,1.0
55.284,0.0
55.30185,1.0
55.3109,0.0
55.3138,1.0
55.3241,1.0
55.3342,0.0
55.40425,1.0
55.4888,1.0
55.5522,0.0
55.58405,1.0
55.5988,1.0
55.61635,0.0
55.65115,0.0
55.73445,0.0
55.774,1.0
55.8002,1.0
55.839,1.0
55.88815,1.0
55.89355,0.0
55.93335,1.0
55.9413,0.0
55.96395,0.0
56.1025,0.0
56.15195,0.0
56.21465,0.0
56.2226,2.0
56.33245,0.0
56.3575,0.0
56.41735,1.0
56.5045,0.0
56.5471,1.0
56.6664,1.0
56.674,1.0
56.7176,0.0
56.7388,0.0
56.7985,1.0
56.83685,0.0
56.9578,0.0
56.9861,0.0
57.00855,1.0
57.02485,1.0
57.13195,0.0
57.1877,1.0
57.23225,0.0
57.2424,2.0
57.29095,0.0
57.30315,1.0
57.3364,0.0
57.3696,0.0
57.4446,0.0
57.5173,0.0
57.57905,1.0
57.63845,0.0
57.7116,0.0
57.80505,0.0
57.8473,0.0
57.9002,2.0
57.9442,0.0
57.98795,0.0
58.00585,0.0
58.0464,0.0
58.06615,1.0
58.09015,1.0
58.1098,0.0
58.1134,0.0
58.1217,0.0
58.14175,0.0
58.1517,0.0
58.1585,1.0
58.2465,1.0
58.2887,0.0
58.3257,0.0
58.3412,1.0
58.34725,1.0
58.36725,0.0
58.40205,0.0
58.4276,0.0
58.43035,1.0
58.4401,1.0
58.4607,1.0
58.602,1.0
58.6137,0.0
58.6475,2.0
58.7854,1.0
58.80525,0.0
58.9251,1.0
58.95305,1.0
59.01015,0.0
59.0119,1.0
59.02115,1.0
59.04265,1.0
59.06465,1.0
59.12415,1.0
59.1634,0.0
59.2232,1.0
59.22675,0.0
59.3617,1.0
59.39045,0.0
59.3983,0.0
59.4268,0.0
59.47925,0.0
59.57095,0.0
59.6292,0.0
59.67,2.0
59.70075,0.0
59.84465,0.0
59.8495,2.0
59.8949,0.0
60.00525,0.0
60.0329,1.0
60.06895,1.0
60.08615,0.0
60.11075,0.0
60.1271,0.0
60.26695,0.0
60.2756,2.0
60.33215,0.0
60.3587,1.0
60.4018,0.0
60.4827,0.0
60.52565,1.0
60.58285,1.0
60.6009,1.0
60.62235,1.0
60.75405,0.0
60.77555,0.0
60.81205,1.0
60.8199,0.0
60.9092,1.0
60.93,1.0
60.97565,0.0
61.0034,1.0
61.01485,1.0
61.032,0.0
61.03645,0.0
61.0475,1.0
61.08555,0.0
61.11005,1.0
61.1121,1.0
61.11505,0.0
61.1272,1.0
61.1311,1.0
61.15515,0.0
61.1673,1.0
61.17075,1.0
61.1774,1.0
61.1817,1.0
61.18445,1.0
61.2048,1.0
61.2084,0.0
61.21155,0.0
61.21315,1.0
61.21725,1.0
61.2246,1.0
61.23605,1.0
61.23965,1.0
61.24835,1.0
61.25455,0.0
61.26635,0.0
61.3009,0.0
61.3164,1.0
61.3186,1.0
61.3277,0.0
61.33265,1.0
61.33565,1.0
61.34205,0.0
61.3516,0.0
61.35415,1.0
61.3639,1.0
61.37135,1.0
61.37525,1.0
61.38265,1.0
61.3871,1.0
61.4015,1.0
61.4121,1.0
61.42825,0.0
61.4326,0.0
61.45895,1.0
61.4628,2.0
61.4788,1.0
61.49505,1.0
61.49755,1.0
61.5286,0.0
61.5769,1.0
61.60465,0.0
61.683,2.0
61.7439,1.0
61.77245,0.0
61.7932,1.0
61.8045,0.0
61.8323,0.0
61.84055,0.0
61.84755,2.0
61.899,1.0
61.90475,1.0
61.9176,0.0
61.9295,0.0
62.0058,0.0
62.0182,0.0
62.1132,1.0
62.34115,0.0
62.3643,0.0
62.3994,0.0
62.40445,0.0
62.41515,1.0
62.47385,0.0
62.478,0.0
62.48135,0.0
62.57985,1.0
62.723,0.0
62.74045,0.0
62.7583,1.0
62.8504,1.0
62.98945,0.0
63.11045,1.0
63.16785,1.0
63.18745,0.0
63.29105,0.0
63.29725,0.0
63.3591,0.0
63.4196,2.0
63.57245,0.0
63.65455,0.0
63.6586,1.0
63.6695,2.0
63.69255,2.0
63.70695,0.0
63.76575,0.0
63.8554,1.0
63.8592,1.0
63.8776,0.0
63.90015,1.0
63.92925,0.0
63.97135,0.0
63.98605,0.0
64.0089,1.0
64.0288,1.0
64.04455,0.0
64.05885,1.0
64.06265,1.0
64.0705,0.0
64.09455,1.0
64.09815,0.0
64.1086,0.0
64.11015,1.0
64.12365,1.0
64.1281,1.0
64.14005,0.0
64.147,0.0
64.1515,0.0
64.16165,1.0
64.1671,1.0
64.1845,0.0
64.1963,0.0
64.2169,0.0
64.22015,1.0
64.23515,1.0
64.25055,1.0
64.2706,1.0
64.28935,1.0
64.3094,0.0
64.3526,1.0
64.3677,1.0
64.37285,0.0
64.3749,0.0
64.3856,0.0
64.39925,1.0
64.4029,1.0
64.4167,0.0
64.4192,0.0
64.44075,0.0
64.45085,0.0
64.46065,0.0
64.4755,1.0
64.4801,1.0
64.48715,1.0
64.5744,2.0
64.6222,0.0
64.65295,1.0
64.74075,0.0
64.76795,1.0
64.81825,0.0
64.9941,1.0
65.1205,0.0
65.1243,0.0
65.1531,0.0
65.18575,0.0
65.2204,1.0
65.3175,0.0
65.3226,2.0
65.34605,1.0
65.3562,0.0
65.46045,0.0
65.5233,0.0
65.55475,0.0
65.56595,2.0
65.5974,1.0
65.6045,0.0
65.63785,0.0
65.739,1.0
65.7721,2.0
65.8307,0.0
65.84745,0.0
65.89965,0.0
65.94005,1.0
65.94475,0.0
65.9559,0.0
65.9978,0.0
66.1586,1.0
66.18595,0.0
66.1888,0.0
66.20905,0.0
66.2398,0.0
66.26155,0.0
66.294,1.0
66.29985,1.0
66.3058,1.0
66.31965,0.0
66.41925,0.0
66.42645,1.0
66.4971,0.0
66.62495,0.0
66.6293,0.0
66.66585,0.0
66.70095,1.0
66.9511,1.0
66.9654,1.0
66.97225,2.0
67.0717,1.0
67.07525,1.0
67.07755,1.0
67.0923,1.0
67.0953,0.0
67.1278,1.0
67.16595,1.0
67.1712,0.0
67.1869,1.0
67.18935,0.0
67.20145,1.0
67.2238,1.0
67.2291,1.0
67.2341,0.0
67.2441,1.0
67.28645,1.0
67.2979,1.0
67.30305,1.0
67.3211,1.0
67.33595,0.0
67.3716,1.0
67.3845,0.0
67.40185,1.0
67.4379,1.0
67.4599,0.0
67.465,1.0
67.46775,1.0
67.47,1.0
67.499,1.0
67.5084,0.0
67.53175,1.0
67.6422,0.0
67.70995,0.0
67.7241,0.0
67.7304,0.0
67.8349,0.0
67.8625,1.0
67.9225,2.0
67.93735,0.0
67.9599,1.0
68.0226,0.0
68.0353,0.0
68.07435,1.0
68.10355,0.0
68.10855,0.0
68.18625,1.0
68.3298,1.0
68.36515,1.0
68.38765,0.0
68.4201,0.0
68.44435,1.0
68.45805,1.0
68.5039,1.0
68.54795,0.0
68.5633,0.0
68.5715,0.0
68.6035,0.0
68.7883,0.0
68.79705,2.0
68.97755,0.0
69.01005,2.0
69.0143,1.0
69.02415,1.0
69.0308,1.0
69.0414,1.0
69.05255,0.0
69.1378,0.0
69.17645,1.0
69.1811,0.0
69.1851,0.0
69.26865,1.0
69.31985,0.0
69.44755,0.0
69.7187,0.0
69.7854,1.0
69.7919,0.0
69.79465,0.0
69.8102,0.0
69.86195,0.0
69.9079,0.0
70.02095,1.0
70.0347,1.0
70.0435,1.0
70.0562,1.0
70.0665,1.0
70.14455,1.0
70.161,0.0
70.1687,1.0
70.20405,1.0
70.2197,1.0
70.2354,1.0
70.25535,1.0
70.27295,1.0
70.2967,1.0
70.3013,1.0
70.37365,1.0
70.3975,1.0
70.41995,1.0
70.4656,1.0
70.48715,1.0
70.4913,1.0
70.5689,1.0
70.58605,2.0
70.62735,1.0
70.6347,0.0
70.6876,1.0
70.6893,2.0
70.70265,0.0
70.73435,0.0
70.74295,1.0
70.76375,2.0
70.8104,1.0
70.91835,1.0
70.9355,1.0
71.01065,0.0
71.01915,0.0
71.059,0.0
71.0899,0.0
71.0921,1.0
71.1083,1.0
71.18765,0.0
71.31445,0.0
71.32335,0.0
71.3369,1.0
71.35605,1.0
71.65875,0.0
71.67905,0.0
71.7772,0.0
71.7957,0.0
71.8499,0.0
71.863,0.0
71.90305,0.0
71.9521,1.0
71.976,1.0
71.99005,0.0
72.00675,2.0
72.1087,2.0
72.23445,1.0
72.31855,0.0
72.3379,1.0
72.40195,1.0
72.4759,0.0
72.50665,0.0
72.5137,1.0
72.5325,0.0
72.61935,2.0
72.70125,0.0
72.7267,1.0
72.7817,0.0
72.90445,0.0
72.96355,0.0
72.97345,0.0
73.01045,2.0
73.0162,1.0
73.05165,0.0
73.0796,1.0
73.0873,1.0
73.1214,0.0
73.12745,1.0
73.12955,1.0
73.21945,1.0
73.24155,1.0
73.24825,1.0
73.2937,1.0
73.30105,0.0
73.4694,0.0
73.47315,1.0
73.4964,1.0
73.5281,0.0
73.53245,0.0
73.56985,0.0
73.59025,0.0
73.6069,1.0
73.6274,0.0
73.65185,1.0
73.70325,0.0
73.71135,0.0
73.74725,0.0
73.7708,0.0
73.7818,0.0
73.86465,0.0
73.87865,0.0
73.8921,1.0
73.95155,1.0
74.05375,1.0
74.19075,1.0
74.20215,0.0
74.2082,0.0
74.34605,0.0
74.3805,0.0
74.4262,0.0
74.5041,0.0
74.5491,0.0
74.5804,1.0
74.61505,1.0
74.7592,0.0
74.7896,2.0
74.9344,0.0
74.97135,0.0
74.9876,0.0
74.98995,0.0
75.021,1.0
75.0757,0.0
75.08065,2.0
75.12935,0.0
75.1471,0.0
75.19365,1.0
75.2179,0.0
75.29885,0.0
75.33545,2.0
75.3726,0.0
75.41295,0.0
75.46565,1.0
75.4975,0.0
75.51305,2.0
75.51955,1.0
75.54005,2.0
75.5793,0.0
75.6622,0.0
75.6809,1.0
75.6839,2.0
75.71845,0.0
75.72705,1.0
75.75475,1.0
75.8561,1.0
75.9241,2.0
75.94335,0.0
75.96865,1.0
76.0227,0.0
76.0283,0.0
76.0506,1.0
76.0868,1.0
76.09805,0.0
76.1093,1.0
76.1168,0.0
76.1215,0.0
76.13355,1.0
76.13755,1.0
76.1492,2.0
76.2422,0.0
76.2555,0.0
76.2655,0.0
76.2676,1.0
76.34985,1.0
76.3718,0.0
76.3879,0.0
76.3978,0.0
76.40215,0.0
76.4176,0.0
76.4382,1.0
76.44275,0.0
76.46905,0.0
76.47275,1.0
76.53855,1.0
76.63635,0.0
76.6424,0.0
76.7365,0.0
76.7525,0.0
76.9071,0.0
76.91895,1.0
77.08235,0.0
77.1111,1.0
77.12545,1.0
77.2371,0.0
77.3115,1.0
77.3283,0.0
77.341,2.0
77.4269,0.0
77.445,0.0
77.47965,1.0
77.4922,0.0
77.56185,0.0
77.61995,0.0
77.6448,2.0
77.67805,2.0
77.71035,1.0
77.71695,0.0
77.72705,1.0
77.78095,0.0
77.7979,0.0
77.82255,0.0
77.8281,2.0
77.85515,0.0
78.14895,0.0
78.1833,0.0
78.19355,0.0
78.19515,0.0
78.2006,0.0
78.2125,1.0
78.2358,0.0
78.2636,1.0
78.3388,1.0
78.41655,0.0
78.5943,0.0
78.63845,2.0
78.6733,2.0
78.6758,2.0
78.75715,0.0
78.77925,0.0
78.8407,1.0
78.86765,1.0
78.87145,1.0
78.96285,0.0
79.0138,0.0
79.0214,1.0
79.03655,1.0
79.04015,0.0
79.0525,1.0
79.0582,1.0
79.06405,1.0
79.0683,1.0
79.075,1.0
79.09055,1.0
79.13285,0.0
79.14955,1.0
79.2034,1.0
79.25185,0.0
79.26105,0.0
79.2856,1.0
79.29085,0.0
79.2993,1.0
79.33685,1.0
79.36185,1.0
79.36595,1.0
79.3683,1.0
79.4106,0.0
79.43255,1.0
79.4351,1.0
79.43945,1.0
79.44235,0.0
79.45545,0.0
79.4608,1.0
79.48075,1.0
79.49025,1.0
79.51345,0.0
79.51585,0.0
79.55925,0.0
79.56215,0.0
79.569,1.0
79.67155,0.0
79.6745,0.0
79.72165,0.0
79.7503,0.0
79.76265,0.0
79.90345,2.0
79.95275,1.0
79.96645,1.0
79.9847,0.0
80.15105,0.0
80.27355,0.0
80.3713,1.0
80.44205,2.0
80.456,0.0
80.5751,0.0
80.71545,1.0
80.72175,0.0
80.78845,1.0
80.9042,0.0
80.9303,1.0
80.95905,1.0
81.03445,0.0
81.0474,0.0
81.05815,0.0
81.15,2.0
81.26545,1.0
81.2718,1.0
81.2805,0.0
81.30505,0.0
81.39575,0.0
81.43875,0.0
81.44865,1.0
81.487,0.0
81.4898,1.0
81.53945,
81.5653,1.0
81.59635,0.0
81.6875,0.0
81.7076,0.0
81.7127,1.0
81.727,0.0
81.82495,1.0
81.8766,0.0
81.8787,0.0
82.00655,1.0
82.02745,1.0
82.0433,1.0
82.07865,1.0
82.09395,1.0
82.11465,1.0
82.1198,1.0
82.12755,0.0
82.134,1.0
82.1405,1.0
82.1438,1.0
82.14865,1.0
82.1622,0.0
82.1663,0.0
82.2188,1.0
82.2425,1.0
82.2578,1.0
82.288,1.0
82.30075,1.0
82.309,1.0
82.33175,1.0
82.35705,1.0
82.3632,1.0
82.393,1.0
82.397,1.0
82.4101,1.0
82.4246,1.0
82.4286,1.0
82.45315,1.0
82.4721,1.0
82.4759,1.0
82.4804,1.0
82.48545,1.0
82.4929,1.0
82.53575,0.0
82.6388,1.0
82.73275,1.0
82.7349,0.0
82.75025,0.0
82.838,1.0
82.9273,0.0
82.9615,0.0
82.9709,1.0
82.9726,0.0
82.98815,1.0
83.08095,1.0
83.1254,0.0
83.18305,0.0
83.2485,0.0
83.30805,0.0
83.311,1.0
83.36595,0.0
83.3842,1.0
83.4696,0.0
83.61695,0.0
83.65425,2.0
83.6678,1.0
83.7651,0.0
83.7747,0.0
83.8732,0.0
83.91095,1.0
83.921,0.0
83.934,0.0
83.93795,0.0
83.95985,0.0
83.97,2.0
83.9989,0.0
84.1218,2.0
84.2335,2.0
84.351,0.0
84.36595,2.0
84.40235,2.0
84.46585,0.0
84.56485,0.0
84.57145,0.0
84.61945,0.0
84.6268,0.0
84.64235,1.0
84.6626,0.0
84.71705,0.0
84.8341,1.0
84.8423,1.0
84.9462,1.0
85.0076,1.0
85.01905,1.0
85.05635,1.0
85.0809,1.0
85.1371,1.0
85.14265,1.0
85.1482,1.0
85.1576,1.0
85.19425,1.0
85.20705,2.0
85.2126,1.0
85.215,0.0
85.222,1.0
85.2436,1.0
85.2593,0.0
85.27925,0.0
85.28815,1.0
85.2979,0.0
85.34425,1.0
85.3468,1.0
85.3625,1.0
85.40145,1.0
85.42745,1.0
85.43175,2.0
85.58545,0.0
85.5893,1.0
85.5932,0.0
85.60435,1.0
85.61325,0.0
85.6185,1.0
85.63855,1.0
85.6408,0.0
85.71305,1.0
85.71725,1.0
85.7191,0.0
85.81705,0.0
85.83555,1.0
85.87335,0.0
85.9842,1.0
85.99135,0.0
85.99365,1.0
86.0025,1.0
86.0116,0.0
86.0788,0.0
86.0915,1.0
86.117,0.0
86.19875,1.0
86.21305,0.0
86.2262,1.0
86.23805,0.0
86.3127,0.0
86.33525,2.0
86.4658,1.0
86.5295,1.0
86.59315,1.0
86.6538,1.0
86.6788,0.0
86.8426,0.0
86.9369,1.0
86.9766,2.0
87.08305,0.0
87.1724,1.0
87.20705,2.0
87.4,0.0
87.49565,0.0
87.53505,0.0
87.5987,0.0
87.65955,1.0
87.69525,0.0
87.77105,2.0
87.871,1.0
87.89325,0.0
87.89845,1.0
88.01275,1.0
88.0278,0.0
88.03975,0.0
88.0516,1.0
88.0637,1.0
88.08465,0.0
88.0862,1.0
88.11815,1.0
88.1308,1.0
88.1398,0.0
88.1545,1.0
88.1919,0.0
88.1975,1.0
88.20495,1.0
88.20895,1.0
88.22985,1.0
88.2421,1.0
88.25725,1.0
88.2697,0.0
88.2744,1.0
88.2797,1.0
88.2834,1.0
88.2984,1.0
88.3029,1.0
88.3058,1.0
88.3725,
88.41655,0.0
88.4183,1.0
88.43165,1.0
88.4779,1.0
88.48015,1.0
88.48655,1.0
88.6123,0.0
88.672,0.0
88.8184,0.0
88.83115,1.0
88.8661,0.0
88.9508,0.0
88.96425,0.0
88.9696,1.0
89.0326,0.0
89.1265,2.0
89.15465,0.0
89.1866,0.0
89.22705,0.0
89.2703,0.0
89.3208,1.0
89.33895,2.0
89.45715,0.0
89.53655,0.0
89.5457,1.0
89.64915,2.0
89.7103,0.0
89.73605,0.0
89.7433,0.0
89.81485,0.0
89.92495,0.0
89.9893,1.0
90.07695,0.0
90.19715,0.0
90.2641,0.0
90.29455,0.0
90.43485,0.0
90.5051,0.0
90.5629,0.0
90.59525,0.0
90.6114,1.0
90.65595,1.0
90.66875,0.0
90.7022,1.0
90.75415,1.0
90.8049,2.0
90.83115,0.0
90.8585,1.0
90.8665,1.0
90.90855,0.0
90.943,0.0
90.9559,0.0
91.0022,0.0
91.05525,1.0
91.0596,1.0
91.0643,1.0
91.0854,1.0
91.1066,0.0
91.1094,1.0
91.11655,0.0
91.1194,1.0
91.14305,0.0
91.1497,1.0
91.15225,1.0
91.1564,0.0
91.18175,1.0
91.18645,1.0
91.18925,0.0
91.2059,0.0
91.213,1.0
91.26165,1.0
91.2748,1.0
91.2768,1.0
91.28475,1.0
91.2991,0.0
91.3037,0.0
91.33605,1.0
91.34235,1.0
91.3542,0.0
91.3823,0.0
91.3873,0.0
91.3903,0.0
91.3929,1.0
91.3987,1.0
91.4021,0.0
91.4246,1.0
91.45955,0.0
91.486,1.0
91.4922,1.0
91.55505,0.0
91.5669,1.0
91.57735,0.0
91.62955,0.0
91.6473,0.0
91.65625,0.0
91.6834,1.0
91.75205,0.0
91.87685,0.0
91.8941,0.0
91.9477,0.0
92.00655,1.0
92.0241,0.0
92.1165,1.0
92.12905,0.0
92.13415,0.0
92.20785,0.0
92.21085,0.0
92.26105,1.0
92.2655,0.0
92.3003,0.0
92.3572,0.0
92.3943,0.0
92.4146,0.0
92.4461,1.0
92.48985,0.0
92.5384,0.0
92.65985,1.0
92.694,0.0
92.70315,0.0
92.7078,0.0
92.7786,2.0
92.84565,0.0
92.90545,0.0
92.9094,1.0
92.9955,0.0
93.00035,0.0
93.0555,0.0
93.11995,1.0
93.14875,1.0
93.16495,0.0
93.2071,0.0
93.3511,1.0
93.3586,2.0
93.4075,0.0
93.4899,1.0
93.493,1.0
93.5929,0.0
93.6128,0.0
93.6783,1.0
93.7228,0.0
93.7314,0.0
93.7393,0.0
93.76845,1.0
93.7946,0.0
93.8122,0.0
93.8729,1.0
93.8859,1.0
93.91835,1.0
93.9852,2.0
94.0196,0.0
94.0223,1.0
94.03045,0.0
94.0351,1.0
94.0562,1.0
94.0583,0.0
94.0617,1.0
94.0715,0.0
94.09765,1.0
94.1136,1.0
94.11865,0.0
94.14795,0.0
94.16665,1.0
94.188,1.0
94.20125,0.0
94.2094,0.0
94.2159,0.0
94.23,0.0
94.2873,0.0
94.30575,1.0
94.36065,0.0
94.36935,2.0
94.3923,0.0
94.40035,0.0
94.4174,0.0
94.4274,0.0
94.4346,0.0
94.4415,0.0
94.44825,0.0
94.4506,1.0
94.45655,1.0
94.4687,0.0
94.4709,1.0
94.58175,0.0
94.58815,0.0
94.6425,0.0
94.78225,1.0
94.81595,0.0
94.8569,0.0
94.8763,0.0
94.89735,2.0
94.903,0.0
94.97725,0.0
95.04095,0.0
95.0672,0.0
95.0854,1.0
95.1251,0.0
95.13245,1.0
95.1704,1.0
95.21045,2.0
95.30525,0.0
95.4321,0.0
95.4832,1.0
95.50055,0.0
95.535,0.0
95.5888,2.0
95.67785,0.0
95.73045,0.0
95.79685,2.0
95.8063,2.0
95.81395,0.0
95.87885,0.0
95.9097,1.0
95.92985,0.0
96.0381,0.0
96.0903,0.0
96.1922,0.0
96.21335,0.0
96.2819,0.0
96.35235,0.0
96.3548,0.0
96.4066,0.0
96.46845,0.0
96.47065,1.0
96.5117,1.0
96.6097,0.0
96.64255,1.0
96.82225,2.0
96.89235,0.0
96.9044,0.0
96.91195,1.0
96.9813,0.0
96.9885,1.0
97.0489,1.0
97.05365,1.0
97.0557,1.0
97.0637,1.0
97.06605,1.0
97.0947,1.0
97.1109,1.0
97.1126,0.0
97.1412,1.0
97.17695,1.0
97.18235,1.0
97.20445,1.0
97.2076,1.0
97.2517,1.0
97.2694,1.0
97.29315,0.0
97.31765,1.0
97.34995,0.0
97.3586,1.0
97.3802,1.0
97.39615,1.0
97.4285,1.0
97.4368,1.0
97.4449,0.0
97.46415,2.0
97.4665,1.0
97.46865,1.0
97.4864,1.0
97.49945,1.0
97.61975,0.0
97.65225,0.0
97.72155,1.0
97.83605,0.0
97.86045,0.0
97.88795,0.0
97.9171,2.0
97.9577,0.0
98.0163,1.0
98.0705,1.0
98.14755,0.0
98.2185,0.0
98.346,0.0
98.3677,0.0
98.40895,0.0
98.5109,0.0
98.5415,1.0
98.5468,1.0
98.57425,1.0
98.621,0.0
98.69645,0.0
98.77545,1.0
98.8009,0.0
98.82725,0.0
98.86695,1.0
98.9054,2.0
99.0678,0.0
99.13865,0.0
99.2051,0.0
99.2686,1.0
99.3262,1.0
99.41865,0.0
99.56885,0.0
99.68255,0.0
99.7246,0.0
99.73375,0.0
99.75505,1.0
99.7695,0.0
99.78945,0.0
99.8305,0.0
99.87065,2.0
99.8801,2.0
99.92415,0.0
100.01905,1.0
100.0425,1.0
100.0636,1.0
100.06705,0.0
100.10365,0.0
100.139,2.0
100.1552,1.0
100.1793,0.0
100.20155,0.0
100.2208,0.0
100.22565,0.0
100.22845,1.0
100.2319,1.0
100.26715,1.0
100.28965,1.0
100.29845,2.0
100.3358,0.0
100.35185,1.0
100.40255,0.0
100.47095,1.0
100.48925,0.0
100.5478,0.0
100.6533,0.0
100.6658,1.0
100.70095,2.0
100.80535,0.0
100.82495,0.0
100.84505,0.0
100.87165,2.0
100.96925,0.0
101.2477,1.0
101.28325,0.0
101.342,1.0
101.3775,0.0
101.39665,0.0
101.46725,1.0
101.47775,1.0
101.52135,1.0
101.53685,1.0
101.65435,1.0
101.74405,0.0
101.74805,0.0
101.75485,0.0
101.77135,1.0
101.8229,0.0
101.82545,0.0
101.90145,0.0
101.9324,0.0
101.9558,1.0
101.9588,2.0
102.1141,0.0
102.13365,0.0
102.21355,0.0
102.25695,2.0
102.2812,0.0
102.33385,1.0
102.4338,1.0
102.4857,1.0
102.6251,0.0
102.62795,0.0
102.6469,1.0
102.6782,0.0
102.73905,1.0
102.7713,1.0
102.87205,0.0
102.9297,0.0
102.9428,0.0
103.02615,0.0
103.03355,1.0
103.0383,1.0
103.04615,1.0
103.04905,1.0
103.0623,0.0
103.08525,0.0
103.0961,1.0
103.1116,0.0
103.12575,1.0
103.12955,1.0
103.1711,1.0
103.19125,0.0
103.19365,0.0
103.20725,0.0
103.2235,1.0
103.2493,1.0
103.2514,0.0
103.27005,0.0
103.28555,1.0
103.3045,0.0
103.31015,1.0
103.31435,1.0
103.33635,0.0
103.3419,1.0
103.35985,0.0
103.38615,1.0
103.39475,0.0
103.39835,0.0
103.4016,1.0
103.43595,0.0
103.4394,0.0
103.49015,1.0
103.4959,1.0
103.5359,0.0
103.6866,0.0
103.6896,0.0
103.7232,0.0
103.76005,0.0
103.83115,2.0
103.84245,0.0
103.8853,0.0
104.00225,1.0
104.0464,0.0
104.07895,0.0
104.08945,1.0
104.2428,0.0
104.28195,0.0
104.3401,0.0
104.3982,0.0
104.4028,0.0
104.4104,0.0
104.4174,1.0
104.4926,0.0
104.51335,2.0
104.5657,0.0
104.60825,0.0
104.73925,0.0
104.74395,0.0
104.74945,0.0
104.93155,1.0
104.9361,0.0
104.97375,0.0
105.03225,0.0
105.0891,0.0
105.18995,0.0
105.28405,0.0
105.3043,1.0
105.36655,0.0
105.5197,0.0
105.55205,0.0
105.57575,0.0
105.59755,0.0
105.64215,1.0
105.6728,0.0
105.69935,1.0
105.72695,0.0
105.7306,0.0
105.8867,2.0
105.91045,0.0
105.99365,0.0
106.00465,1.0
106.01305,0.0
106.0181,0.0
106.02335,
106.0352,1.0
106.051,0.0
106.0868,0.0
106.0973,0.0
106.10425,0.0
106.1186,0.0
106.15645,0.0
106.16955,0.0
106.19045,0.0
106.21245,1.0
106.21515,0.0
106.2346,1.0
106.24105,0.0
106.27245,1.0
106.2921,0.0
106.3033,0.0
106.3095,0.0
106.31885,0.0
106.32085,1.0
106.32445,0.0
106.328,0.0
106.34225,0.0
106.3636,0.0
106.37865,1.0
106.387,0.0
106.391,0.0
106.4067,1.0
106.4239,0.0
106.432,0.0
106.4457,0.0
106.4758,0.0
106.48025,0.0
106.48215,1.0
106.4935,0.0
106.49685,0.0
106.51315,0.0
106.5302,0.0
106.6623,0.0
106.6759,1.0
106.69685,0.0
106.8095,1.0
106.89855,0.0
106.9268,1.0
107.04115,1.0
107.04935,1.0
107.06875,0.0
107.1727,1.0
107.1867,0.0
107.25395,1.0
107.26305,0.0
107.36625,0.0
107.3879,0.0
107.40425,0.0
107.41615,0.0
107.438,1.0
107.44265,0.0
107.47265,0.0
107.5541,0.0
107.59375,0.0
107.68,1.0
107.71715,0.0
107.7412,2.0
107.80915,0.0
107.82385,0.0
107.836,0.0
107.84825,0.0
107.96985,0.0
108.0495,1.0
108.0902,2.0
108.1706,0.0
108.22025,0.0
108.2659,1.0
108.3006,1.0
108.3379,0.0
108.3472,0.0
108.41605,1.0
108.4352,1.0
108.4987,0.0
108.52485,0.0
108.5824,0.0
108.6412,0.0
108.6903,0.0
108.75645,0.0
108.8056,0.0
109.0586,1.0
109.06925,0.0
109.08495,1.0
109.10615,1.0
109.11985,1.0
109.1257,1.0
109.13125,1.0
109.16255,1.0
109.17925,1.0
109.2416,1.0
109.27105,1.0
109.284,1.0
109.2992,1.0
109.31415,1.0
109.3317,1.0
109.33325,1.0
109.3832,0.0
109.4144,0.0
109.4534,1.0
109.61205,0.0
109.6156,0.0
109.6791,0.0
109.72215,1.0
109.78785,0.0
109.83,0.0
109.8375,0.0
109.9449,0.0
109.9639,0.0
110.008,2.0
110.0695,0.0
110.13775,0.0
110.24975,0.0
110.30945,1.0
110.34015,2.0
110.3479,0.0
110.5248,0.0
110.5408,1.0
110.55115,0.0
110.7683,1.0
110.83655,0.0
110.98445,0.0
111.00215,1.0
111.02225,0.0
111.0434,0.0
111.18135,0.0
111.2315,0.0
111.26475,1.0
111.33105,1.0
111.41555,0.0
111.4468,0.0
111.45905,0.0
111.4638,0.0
111.49495,0.0
111.57445,0.0
111.58745,0.0
111.5976,0.0
111.62025,0.0
111.7057,1.0
111.87185,0.0
111.8883,0.0
111.89375,1.0
111.8964,0.0
111.9079,0.0
111.96315,1.0
112.0027,1.0
112.0094,1.0
112.01275,1.0
112.01655,2.0
112.01855,1.0
112.03415,1.0
112.10445,1.0
112.1164,1.0
112.1185,1.0
112.15185,1.0
112.1802,0.0
112.2075,1.0
112.21135,1.0
112.2295,1.0
112.23135,0.0
112.2351,1.0
112.24575,0.0
112.25655,1.0
112.28015,0.0
112.31185,1.0
112.356,1.0
112.37175,1.0
112.3812,0.0
112.4508,0.0
112.45555,1.0
112.4603,0.0
112.47435,0.0
112.47655,1.0
112.4787,0.0
112.49315,1.0
112.53485,1.0
112.62305,0.0
112.62535,0.0
112.63935,1.0
112.70665,1.0
112.7471,0.0
112.75625,0.0
112.8132,2.0
112.8278,0.0
112.8799,0.0
112.8925,1.0
113.02035,0.0
113.04315,0.0
113.07145,0.0
113.0848,0.0
113.1005,0.0
113.161,0.0
113.2177,0.0
113.24135,0.0
113.341,1.0
113.35205,0.0
113.36435,1.0
113.37685,0.0
113.39545,2.0
113.4013,1.0
113.4994,0.0
113.53945,2.0
113.6984,1.0
113.804,0.0
113.83325,0.0
113.8508,0.0
113.9329,0.0
113.99605,0.0
114.0232,0.0
114.0276,0.0
114.0453,2.0
114.0769,2.0
114.09895,2.0
114.1099,1.0
114.2401,0.0
114.335,0.0
114.34255,1.0
114.3672,0.0
114.4377,0.0
114.4975,0.0
114.557,2.0
114.612,0.0
114.73955,1.0
114.7421,2.0
114.75795,2.0
114.81035,0.0
114.87565,2.0
114.9234,1.0
115.0108,0.0
115.0138,1.0
115.02965,1.0
115.0551,1.0
115.06275,1.0
115.07045,1.0
115.084,1.0
115.11335,1.0
115.11595,1.0
115.143,2.0
115.1491,1.0
115.15825,1.0
115.16475,1.0
115.17145,1.0
115.17585,1.0
115.1872,1.0
115.21755,1.0
115.2255,0.0
115.2314,1.0
115.24025,1.0
115.27135,1.0
115.2737,0.0
115.27905,1.0
115.2945,1.0
115.33485,1.0
115.33765,1.0
115.34235,1.0
115.3556,1.0
115.3637,1.0
115.36915,1.0
115.37605,0.0
115.38615,1.0
115.39715,1.0
115.42475,1.0
115.44345,0.0
115.4459,1.0
115.44915,1.0
115.4545,1.0
115.4621,0.0
115.4675,1.0
115.47005,1.0
115.49485,1.0
115.5699,0.0
115.7081,2.0
115.8358,0.0
115.8481,0.0
115.948,0.0
116.0456,0.0
116.05,1.0
116.12935,0.0
116.18,0.0
116.19445,1.0
116.21715,2.0
116.2521,1.0
116.2775,0.0
116.2823,0.0
116.37855,1.0
116.46765,1.0
116.635,0.0
116.63885,1.0
116.64345,1.0
116.7346,0.0
116.79745,1.0
116.8263,0.0
116.8388,2.0
116.853,0.0
116.87655,1.0
116.92585,0.0
116.9603,0.0
117.00515,0.0
117.04635,0.0
117.25545,1.0
117.2614,2.0
117.26405,1.0
117.273,0.0
117.32595,2.0
117.3448,2.0
117.3771,1.0
117.5399,0.0
117.6197,1.0
117.68455,0.0
117.68985,0.0
117.7875,0.0
117.80055,1.0
117.8365,1.0
117.85925,2.0
118.00625,0.0
118.0205,1.0
118.04285,1.0
118.04785,0.0
118.05225,0.0
118.07475,1.0
118.09435,0.0
118.12005,1.0
118.1322,1.0
118.14105,1.0
118.18345,1.0
118.20115,1.0
118.2123,1.0
118.2252,1.0
118.2286,1.0
118.2316,1.0
118.23935,1.0
118.2535,1.0
118.2773,1.0
118.3174,1.0
118.33835,1.0
118.38355,1.0
118.3889,1.0
118.4016,1.0
118.4176,0.0
118.42895,1.0
118.4331,0.0
118.4437,1.0
118.4487,1.0
118.46815,1.0
118.6088,0.0
118.69075,0.0
118.78355,0.0
118.7964,1.0
118.85045,1.0
118.87105,0.0
118.8796,0.0
118.88435,1.0
118.91715,1.0
118.9356,0.0
118.9377,1.0
118.9418,0.0
119.03445,0.0
119.09325,0.0
119.20635,1.0
119.2577,0.0
119.28185,0.0
119.2901,0.0
119.29375,0.0
119.32025,0.0
119.3755,1.0
119.43525,0.0
119.48615,1.0
119.49155,0.0
119.6302,0.0
119.69735,1.0
119.716,0.0
119.80975,0.0
119.9625,0.0
119.98985,2.0
119.99235,0.0
120.05315,0.0
120.2769,0.0
120.2845,0.0
120.33005,0.0
120.33295,1.0
120.5265,1.0
120.5375,1.0
120.58465,0.0
120.6203,1.0
120.6553,0.0
120.7004,2.0
120.7579,0.0
120.8146,0.0
120.88355,0.0
120.887,1.0
120.9808,0.0
121.04105,1.0
121.06435,1.0
121.07685,1.0
121.09145,1.0
121.1068,1.0
121.11705,1.0
121.12905,1.0
121.13495,0.0
121.154,0.0
121.1561,0.0
121.17355,1.0
121.191,1.0
121.20195,1.0
121.20795,1.0
121.2123,1.0
121.2264,0.0
121.276,0.0
121.2863,1.0
121.29675,1.0
121.3068,1.0
121.33625,1.0
121.3569,0.0
121.3852,1.0
121.41285,2.0
121.41645,1.0
121.4515,0.0
121.47515,1.0
121.48835,0.0
121.5017,0.0
121.5222,1.0
121.602,0.0
121.69135,0.0
121.7163,1.0
121.74935,0.0
121.8753,1.0
121.9477,1.0
121.9733,0.0
122.01245,0.0
122.0222,0.0
122.12775,2.0
122.13835,2.0
122.14895,0.0
122.19365,0.0
122.21485,1.0
122.2532,0.0
122.31115,1.0
122.56275,0.0
122.6402,1.0
122.6531,0.0
122.69785,0.0
122.70105,0.0
122.74045,0.0
122.75785,1.0
122.8912,1.0
123.0818,0.0
123.13355,0.0
123.223,0.0
123.2291,0.0
123.3302,0.0
123.35275,1.0
123.39105,0.0
123.42295,0.0
123.4802,1.0
123.56235,1.0
123.6361,0.0
123.71865,0.0
123.7332,2.0
123.80405,1.0
123.85895,2.0
124.00065,0.0
124.05815,1.0
124.07515,1.0
124.0831,0.0
124.09725,0.0
124.11435,1.0
124.1248,1.0
124.1409,1.0
124.14405,0.0
124.15105,0.0
124.1714,1.0
124.17645,1.0
124.1814,1.0
124.19955,0.0
124.26985,1.0
124.2883,1.0
124.297,1.0
124.31615,0.0
124.3711,1.0
124.38145,0.0
124.3979,1.0
124.42915,1.0
124.44925,1.0
124.4551,1.0
124.45895,1.0
124.4642,1.0
124.4974,1.0
124.5035,0.0
124.59555,0.0
124.61255,0.0
124.62045,0.0
124.6645,1.0
124.7238,2.0
124.8721,1.0
124.87585,0.0
124.9605,0.0
124.96705,0.0
125.02965,2.0
125.11195,1.0
125.1163,0.0
125.17015,0.0
125.29695,0.0
125.37965,1.0
125.388,0.0
125.42645,0.0
125.4615,0.0
125.52695,1.0
125.5578,1.0
125.56965,0.0
125.5922,2.0
125.83405,0.0
125.8671,0.0
125.9047,0.0
125.90715,1.0
125.97665,0.0
126.0117,0.0
126.154,1.0
126.1692,0.0
126.2044,0.0
126.2159,1.0
126.4092,1.0
126.44195,1.0
126.47415,0.0
126.49135,0.0
126.51145,1.0
126.5447,0.0
126.5754,0.0
126.61845,2.0
126.6301,1.0
126.6397,0.0
126.64395,0.0
126.6677,0.0
126.67575,0.0
126.68915,0.0
126.6988,0.0
126.76165,1.0
126.7933,0.0
126.8028,0.0
126.93685,0.0
127.00165,0.0
127.00715,1.0
127.03715,1.0
127.0422,1.0
127.04865,1.0
127.05365,1.0
127.05915,1.0
127.0969,1.0
127.1045,1.0
127.10735,1.0
127.128,1.0
127.1389,1.0
127.1522,1.0
127.17385,1.0
127.1775,1.0
127.184,1.0
127.1939,1.0
127.2026,1.0
127.21395,1.0
127.2234,0.0
127.23355,0.0
127.2502,1.0
127.25475,0.0
127.27725,1.0
127.28205,0.0
127.3124,1.0
127.3315,1.0
127.3423,1.0
127.34875,1.0
127.3531,0.0
127.3574,2.0
127.36775,1.0
127.39805,1.0
127.42045,1.0
127.43245,1.0
127.4431,0.0
127.4539,1.0
127.45915,1.0
127.4648,1.0
127.46785,1.0
127.4858,1.0
127.48995,1.0
127.5016,1.0
127.5304,1.0
127.55375,0.0
127.5856,1.0
127.59355,0.0
127.79055,0.0
127.7976,0.0
127.8185,0.0
127.94065,1.0
128.12965,0.0
128.2241,0.0
128.22725,0.0
128.347,0.0
128.3496,0.0
128.40175,1.0
128.4067,1.0
128.42015,1.0
128.44435,0.0
128.5739,1.0
128.60005,0.0
128.6295,1.0
128.7226,0.0
128.7388,0.0
128.77765,1.0
128.797,0.0
128.8121,0.0
128.92935,0.0
128.9536,1.0
128.99295,1.0
129.04865,0.0
129.08385,0.0
129.14835,2.0
129.253,1.0
129.37105,0.0
129.40545,1.0
129.41145,0.0
129.442,2.0
129.453,0.0
129.4724,0.0
129.49355,0.0
129.6034,0.0
129.63755,1.0
129.67305,0.0
129.7418,0.0
129.83195,0.0
129.8876,0.0
129.93205,0.0
129.94285,2.0
129.96145,2.0
130.0314,1.0
130.03925,0.0
130.0602,1.0
130.06415,0.0
130.1142,1.0
130.12145,1.0
130.14095,0.0
130.146,1.0
130.158,1.0
130.1711,0.0
130.1786,1.0
130.20735,1.0
130.241,1.0
130.3127,1.0
130.35935,1.0
130.37405,1.0
130.38825,0.0
130.3925,1.0
130.39915,2.0
130.4041,1.0
130.4255,0.0
130.43065,1.0
130.4323,0.0
130.44925,0.0
130.46635,0.0
130.4751,0.0
130.50105,0.0
130.5586,0.0
130.56905,2.0
130.587,1.0
130.5904,0.0
130.5942,0.0
130.6036,1.0
130.6304,1.0
130.70475,0.0
130.747,0.0
130.80765,1.0
130.8247,1.0
130.83295,0.0
130.92745,1.0
130.96295,0.0
130.97495,0.0
130.9941,0.0
131.06285,1.0
131.1039,0.0
131.14865,1.0
131.17405,2.0
131.2479,2.0
131.2511,0.0
131.40805,0.0
131.41105,1.0
131.42695,0.0
131.48335,0.0
131.50145,1.0
131.52435,0.0
131.53995,2.0
131.59965,1.0
131.6703,0.0
131.69455,0.0
131.71645,0.0
131.76035,0.0
131.76495,0.0
131.79385,0.0
131.8016,0.0
131.80925,1.0
131.8721,0.0
131.92795,1.0
131.9501,0.0
131.96025,0.0
132.0064,0.0
132.03835,0.0
132.04585,1.0
132.052,2.0
132.10695,0.0
132.2243,1.0
132.23775,0.0
132.3408,0.0
132.4019,0.0
132.44495,0.0
132.4701,0.0
132.4871,0.0
132.4984,0.0
132.5653,0.0
132.6724,1.0
132.6941,0.0
132.70405,0.0
132.8222,2.0
132.9055,0.0
132.9359,0.0
133.0155,0.0
133.06215,1.0
133.0709,0.0
133.0866,1.0
133.0981,1.0
133.12075,1.0
133.13445,1.0
133.1444,0.0
133.15625,0.0
133.1766,0.0
133.21565,1.0
133.28785,0.0
133.386,1.0
133.3951,1.0
133.3997,1.0
133.4339,0.0
133.47885,1.0
133.49195,1.0
133.5141,0.0
133.73735,0.0
133.7474,0.0
133.77465,0.0
133.8156,2.0
133.8682,0.0
133.94245,2.0
134.0398,0.0
134.1115,2.0
134.12445,1.0
134.28775,1.0
134.2931,0.0
134.3813,0.0
134.38455,0.0
134.41975,0.0
134.46605,0.0
134.4712,1.0
134.48285,0.0
134.49765,2.0
134.5106,1.0
134.61075,0.0
134.6227,0.0
134.69545,1.0
134.7983,0.0
134.8739,1.0
134.89265,0.0
134.9184,1.0
135.0451,2.0
135.1574,0.0
135.2031,1.0
135.2349,0.0
135.3186,0.0
135.3785,0.0
135.42315,0.0
135.4339,1.0
135.44615,0.0
135.51825,0.0
135.5263,2.0
135.52955,0.0
135.5939,0.0
135.6683,1.0
135.72725,0.0
135.748,0.0
135.754,0.0
135.75865,2.0
135.84345,0.0
135.8651,0.0
135.90225,1.0
135.9092,0.0
135.9115,0.0
136.0074,0.0
136.02935,1.0
136.03245,0.0
136.0407,1.0
136.08955,0.0
136.11885,1.0
136.1599,1.0
136.16505,0.0
136.17425,0.0
136.28345,1.0
136.3386,1.0
136.36085,1.0
136.37265,1.0
136.39005,1.0
136.40565,1.0
136.46015,0.0
136.46595,0.0
136.5035,0.0
136.589,0.0
136.6114,0.0
136.7266,0.0
136.7333,0.0
136.75565,0.0
136.83555,0.0
136.8927,2.0
136.92255,1.0
137.1606,1.0
137.1794,1.0
137.2272,0.0
137.2796,0.0
137.3499,0.0
137.3766,1.0
137.4066,2.0
137.42225,1.0
137.56555,1.0
137.58645,1.0
137.5931,2.0
137.598,1.0
137.634,0.0
137.8694,0.0
137.88685,0.0
137.92025,0.0
137.9336,0.0
138.0908,0.0
138.18775,0.0
138.2265,1.0
138.24235,1.0
138.28745,0.0
138.30175,0.0
138.31335,1.0
138.32585,2.0
138.3366,0.0
138.35645,0.0
138.39965,0.0
138.44285,0.0
138.4938,2.0
138.49625,0.0
138.595,0.0
138.6762,1.0
138.73445,0.0
138.76545,0.0
138.85155,0.0
138.86165,0.0
138.97265,0.0
138.98145,0.0
139.0089,1.0
139.01465,1.0
139.03545,1.0
139.03985,0.0
139.04395,1.0
139.07395,1.0
139.0846,1.0
139.088,1.0
139.09405,0.0
139.09685,0.0
139.1171,1.0
139.12115,0.0
139.123,1.0
139.138,1.0
139.1484,1.0
139.1715,1.0
139.20365,1.0
139.20595,1.0
139.2298,1.0
139.24735,1.0
139.26355,1.0
139.2728,1.0
139.32445,1.0
139.3269,1.0
139.33395,1.0
139.34125,1.0
139.3504,1.0
139.35335,1.0
139.35695,1.0
139.3705,1.0
139.3798,1.0
139.3881,0.0
139.3935,1.0
139.40925,1.0
139.41265,1.0
139.41575,1.0
139.42365,1.0
139.42535,0.0
139.4302,1.0
139.4763,1.0
139.49235,1.0
139.54035,0.0
139.55965,0.0
139.62375,2.0
139.67425,0.0
139.6828,0.0
139.6947,1.0
139.74645,0.0
139.76545,0.0
139.81035,1.0
139.8297,0.0
139.8803,0.0
139.8823,1.0
139.96415,1.0
140.14555,1.0
140.1753,0.0
140.30585,0.0
140.3933,1.0
140.41265,0.0
140.4763,0.0
140.5158,1.0
140.54805,1.0
140.61465,0.0
140.64875,2.0
140.6901,2.0
140.7276,0.0
140.76615,0.0
140.7907,0.0
140.82125,0.0
140.86255,0.0
141.03065,1.0
141.03305,0.0
141.06395,1.0
141.0962,0.0
141.26685,2.0
141.28705,0.0
141.29205,2.0
141.2991,0.0
141.33725,0.0
141.3735,0.0
141.4358,1.0
141.5373,2.0
141.58425,0.0
141.6224,0.0
141.63345,0.0
141.6604,1.0
141.6889,0.0
141.70095,1.0
141.72905,0.0
141.861,0.0
141.88555,2.0
141.906,0.0
141.9184,0.0
141.9473,0.0
142.00055,0.0
142.0151,0.0
142.04575,0.0
142.0507,1.0
142.0563,1.0
142.09645,1.0
142.1111,1.0
142.12425,1.0
142.14425,0.0
142.1545,1.0
142.17625,1.0
142.2056,1.0
142.2293,0.0
142.2457,1.0
142.25995,0.0
142.27305,0.0
142.2966,0.0
142.3058,1.0
142.3086,1.0
142.33485,0.0
142.3408,0.0
142.3562,1.0
142.368,1.0
142.3803,1.0
142.393,0.0
142.3958,1.0
142.39885,1.0
142.40855,1.0
142.42335,1.0
142.43015,0.0
142.45585,1.0
142.4663,0.0
142.4743,1.0
142.4938,1.0
142.49675,1.0
142.62545,0.0
142.6578,0.0
142.70595,0.0
142.8759,1.0
142.89285,0.0
142.93785,0.0
142.9488,0.0
143.10065,0.0
143.1071,0.0
143.2753,1.0
143.38375,1.0
143.4012,0.0
143.47245,2.0
143.5387,0.0
143.5473,2.0
143.58425,0.0
143.6313,1.0
143.7971,0.0
143.99585,0.0
144.00885,1.0
144.02495,1.0
144.0484,0.0
144.0519,2.0
144.14465,1.0
144.1671,0.0
144.33325,2.0
144.4873,2.0
144.56415,1.0
144.57005,0.0
144.591,0.0
144.63165,0.0
144.6373,1.0
144.71165,1.0
144.7524,0.0
144.83315,0.0
144.83805,0.0
144.8677,0.0
144.8758,1.0
144.93045,1.0
145.0002,1.0
145.0043,1.0
145.04355,1.0
145.0548,0.0
145.08535,1.0
145.09195,1.0
145.11675,1.0
145.1271,1.0
145.1316,0.0
145.1391,1.0
145.14305,1.0
145.15045,1.0
145.1685,1.0
145.1794,1.0
145.1965,0.0
145.2039,1.0
145.22945,1.0
145.2538,1.0
145.26215,1.0
145.28095,1.0
145.3015,1.0
145.3036,1.0
145.31505,1.0
145.34885,1.0
145.3638,1.0
145.3837,1.0
145.392,1.0
145.39825,0.0
145.4247,1.0
145.4378,1.0
145.44345,1.0
145.4468,1.0
145.4505,1.0
145.4598,0.0
145.48225,0.0
145.5076,0.0
145.5694,2.0
145.59185,1.0
145.60625,0.0
145.6279,1.0
145.63965,1.0
145.8459,0.0
145.8703,0.0
145.8745,1.0
145.8796,0.0
145.9458,0.0
145.9585,0.0
145.9694,0.0
145.99585,1.0
146.16435,0.0
146.22955,1.0
146.24885,0.0
146.36235,0.0
146.4358,1.0
146.47635,0.0
146.4951,1.0
146.50695,0.0
146.5298,2.0
146.57175,0.0
146.67835,2.0
146.70505,0.0
146.8124,0.0
146.89715,0.0
147.04135,2.0
147.06855,0.0
147.08645,0.0
147.17855,0.0
147.2591,0.0
147.27865,0.0
147.3225,1.0
147.3825,1.0
147.43355,2.0
147.64725,0.0
147.6799,0.0
147.83375,0.0
147.99335,0.0
148.00855,1.0
148.0475,1.0
148.0549,0.0
148.0814,1.0
148.0836,2.0
148.10505,1.0
148.1111,1.0
148.1179,1.0
148.15175,1.0
148.1613,0.0
148.1798,1.0
148.22575,1.0
148.2285,1.0
148.2527,1.0
148.28025,1.0
148.2883,0.0
148.2902,1.0
148.332,1.0
148.33595,1.0
148.34175,1.0
148.3965,1.0
148.4543,1.0
148.46165,1.0
148.4656,1.0
148.4917,1.0
148.5175,0.0
148.5407,0.0
148.5562,1.0
148.57805,0.0
148.60325,0.0
148.6244,0.0
148.67625,1.0
148.7329,0.0
148.7683,0.0
148.7702,1.0
148.78025,0.0
148.8097,0.0
148.8282,1.0
148.92455,0.0
148.9821,1.0
149.01275,0.0
149.2146,1.0
149.2825,0.0
149.3096,1.0
149.3274,0.0
149.3704,0.0
149.51525,1.0
149.53765,1.0
149.63455,0.0
149.73175,0.0
149.76145,0.0
149.7813,0.0
149.83695,1.0
149.8677,0.0
149.91705,1.0
149.9622,0.0
149.9968,2.0
150.02805,0.0
150.0546,0.0
150.0935,2.0
150.1022,0.0
150.1152,2.0
150.1275,0.0
150.1336,1.0
150.3164,1.0
150.3637,0.0
150.36555,1.0
150.61595,1.0
150.731,0.0
150.77315,1.0
150.8979,0.0
150.9101,0.0
150.9525,0.0
150.9594,0.0
151.0012,1.0
151.0225,0.0
151.04,0.0
151.0421,0.0
151.0473,1.0
151.05785,1.0
151.08215,1.0
151.09465,0.0
151.09915,1.0
151.11645,1.0
151.1468,0.0
151.1511,0.0
151.1715,0.0
151.1899,1.0
151.1987,0.0
151.2101,1.0
151.22695,0.0
151.229,1.0
151.242,1.0
151.25725,0.0
151.26255,0.0
151.32735,0.0
151.3336,0.0
151.33925,0.0
151.34715,2.0
151.3523,1.0
151.38125,0.0
151.38645,1.0
151.3907,0.0
151.4002,0.0
151.40805,0.0
151.41325,0.0
151.41925,0.0
151.4348,0.0
151.45635,0.0
151.45895,0.0
151.4642,0.0
151.46845,0.0
151.48155,0.0
151.49065,1.0
151.5135,0.0
151.5187,0.0
151.5272,1.0
151.5463,0.0
151.60545,1.0
151.6231,0.0
151.63065,1.0
151.69285,0.0
151.7004,1.0
151.71285,0.0
151.7153,0.0
151.8925,0.0
151.90665,0.0
151.94395,0.0
151.9866,0.0
152.0487,0.0
152.11755,1.0
152.2338,0.0
152.2468,0.0
152.25405,0.0
152.2654,1.0
152.42555,2.0
152.4464,0.0
152.5197,0.0
152.56685,0.0
152.5708,0.0
152.6559,0.0
152.67115,0.0
152.83295,1.0
152.87055,0.0
152.8741,0.0
152.88015,0.0
152.9151,0.0
153.01125,2.0
153.03845,1.0
153.052,2.0
153.0958,0.0
153.10175,0.0
153.10455,0.0
153.1964,1.0
153.24025,0.0
153.2915,0.0
153.33435,2.0
153.33785,0.0
153.357,0.0
153.36535,0.0
153.4409,0.0
153.4643,0.0
153.51645,0.0
153.54625,0.0
153.5575,0.0
153.772,0.0
153.78765,0.0
153.80445,0.0
153.80885,0.0
153.85675,2.0
153.8771,0.0
153.88345,0.0
153.9287,0.0
153.95005,1.0
153.99735,0.0
154.0167,1.0
154.02365,1.0
154.0644,1.0
154.09175,1.0
154.11125,1.0
154.1346,1.0
154.14005,0.0
154.15185,1.0
154.1637,0.0
154.20315,1.0
154.2596,0.0
154.26745,0.0
154.27025,1.0
154.2922,1.0
154.3031,1.0
154.321,1.0
154.3283,1.0
154.33845,1.0
154.34765,1.0
154.36015,1.0
154.38815,1.0
154.3937,1.0
154.40465,1.0
154.4214,0.0
154.4234,1.0
154.42895,1.0
154.4357,2.0
154.45945,0.0
154.4819,1.0
154.5074,0.0
154.53865,0.0
154.5501,0.0
154.5671,1.0
154.58535,1.0
154.5965,0.0
154.61045,0.0
154.61345,1.0
154.71655,1.0
154.73755,0.0
154.8029,0.0
154.81675,1.0
154.82405,0.0
154.84035,0.0
154.92605,2.0
154.9711,0.0
154.97615,0.0
155.01235,0.0
155.0153,0.0
155.01895,0.0
155.06165,0.0
155.0704,0.0
155.1124,0.0
155.11515,0.0
155.1591,0.0
155.2416,1.0
155.3234,0.0
155.35215,2.0
155.5239,0.0
155.5787,0.0
155.74475,0.0
155.846,0.0
155.8653,1.0
155.9559,2.0
156.17685,0.0
156.21575,2.0
156.22145,0.0
156.38735,0.0
156.4552,0.0
156.45745,1.0
156.50065,0.0
156.51835,0.0
156.55375,1.0
156.6247,0.0
156.6284,1.0
156.6302,2.0
156.72995,2.0
156.7694,1.0
156.8826,0.0
156.94235,0.0
157.00265,1.0
157.02195,1.0
157.03315,0.0
157.0365,1.0
157.04325,1.0
157.0499,1.0
157.0615,1.0
157.07685,2.0
157.09625,1.0
157.0981,0.0
157.11755,1.0
157.1226,1.0
157.16345,1.0
157.1743,1.0
157.17745,0.0
157.18865,1.0
157.19945,1.0
157.2189,1.0
157.23615,0.0
157.26455,1.0
157.26995,1.0
157.27515,1.0
157.2784,1.0
157.28665,1.0
157.3083,1.0
157.32415,1.0
157.32955,1.0
157.3435,1.0
157.35205,1.0
157.38555,1.0
157.40925,1.0
157.42055,1.0
157.43185,0.0
157.44535,0.0
157.45675,1.0
157.46775,0.0
157.49455,1.0
157.53715,1.0
157.5572,1.0
157.6035,0.0
157.76045,1.0
157.97555,0.0
157.9803,0.0
157.9825,0.0
158.00385,0.0
158.1731,0.0
158.23505,0.0
158.24935,1.0
158.3134,0.0
158.4343,0.0
158.45795,1.0
158.4733,0.0
158.5648,0.0
158.61465,0.0
158.64425,0.0
158.75195,1.0
158.76485,0.0
158.8568,0.0
158.86015,2.0
158.8785,0.0
158.885,0.0
158.90415,2.0
158.96665,0.0
158.9902,0.0
159.00465,0.0
159.0309,1.0
159.0507,0.0
159.06955,0.0
159.0735,0.0
159.07645,0.0
159.17825,0.0
159.1872,2.0
159.2192,1.0
159.35965,2.0
159.43065,2.0
159.477,2.0
159.47975,0.0
159.59945,0.0
159.6173,0.0
159.72135,0.0
159.78265,1.0
159.8242,0.0
159.83825,0.0
159.94215,0.0
160.0023,0.0
160.009,0.0
160.03795,0.0
160.041,0.0
160.04955,0.0
160.05405,1.0
160.06295,0.0
160.082,0.0
160.1128,1.0
160.1211,1.0
160.142,0.0
160.14645,0.0
160.18655,0.0
160.1908,1.0
160.2028,1.0
160.21,0.0
160.21325,0.0
160.22765,0.0
160.2309,1.0
160.23845,0.0
160.2461,0.0
160.2688,0.0
160.28005,1.0
160.30565,0.0
160.30995,0.0
160.32075,0.0
160.3495,1.0
160.354,0.0
160.36145,1.0
160.3732,1.0
160.3777,0.0
160.3931,1.0
160.40245,1.0
160.41425,1.0
160.45395,1.0
160.4631,0.0
160.46545,1.0
160.4698,1.0
160.4742,1.0
160.4798,1.0
160.5493,1.0
160.57815,0.0
160.6054,0.0
160.6106,0.0
160.7494,0.0
160.92935,1.0
160.965,0.0
160.98255,0.0
161.0903,0.0
161.10325,1.0
161.10525,0.0
161.1919,1.0
161.21665,0.0
161.26185,0.0
161.307,0.0
161.3307,1.0
161.3732,1.0
161.54685,0.0
161.688,0.0
161.8536,0.0
161.9191,0.0
161.96915,0.0
162.0136,0.0
162.02105,0.0
162.12445,0.0
162.1409,0.0
162.1819,1.0
162.2046,1.0
162.21295,0.0
162.2431,0.0
162.26295,0.0
162.30485,0.0
162.3185,0.0
162.42295,0.0
162.45385,1.0
162.5309,0.0
162.5369,1.0
162.5619,1.0
162.6338,1.0
162.65835,0.0
162.7317,0.0
162.75725,0.0
162.99815,0.0
163.0041,1.0
163.011,0.0
163.0156,0.0
163.02405,0.0
163.03615,0.0
163.0481,0.0
163.0529,1.0
163.0571,1.0
163.06315,1.0
163.07665,0.0
163.08835,1.0
163.09085,1.0
163.0992,1.0
163.1014,0.0
163.10495,0.0
163.11325,1.0
163.11975,0.0
163.12405,0.0
163.1415,1.0
163.15225,0.0
163.1551,1.0
163.1694,1.0
163.17765,1.0
163.2003,1.0
163.211,0.0
163.21255,1.0
163.22905,1.0
163.2392,1.0
163.24535,0.0
163.2527,1.0
163.26915,0.0
163.27125,1.0
163.27795,1.0
163.28835,1.0
163.30575,0.0
163.3107,1.0
163.31325,1.0
163.3218,1.0
163.34045,1.0
163.3589,1.0
163.3745,0.0
163.378,0.0
163.3829,1.0
163.38525,1.0
163.38965,0.0
163.39435,0.0
163.4035,0.0
163.43745,1.0
163.4424,0.0
163.45635,0.0
163.4649,1.0
163.49735,1.0
163.65685,0.0
163.72925,1.0
163.9594,2.0
163.99415,0.0
164.0482,0.0
164.30525,2.0
164.33525,0.0
164.44695,1.0
164.4594,0.0
164.48475,0.0
164.4952,0.0
164.54755,2.0
164.57245,1.0
164.5815,0.0
164.6394,0.0
164.6519,1.0
164.67395,0.0
164.6894,0.0
164.73705,0.0
164.8018,0.0
164.8194,0.0
164.8859,1.0
164.9017,1.0
164.91185,1.0
164.9508,0.0
165.0243,0.0
165.1311,0.0
165.1428,0.0
165.146,0.0
165.17815,2.0
165.21845,0.0
165.24535,0.0
165.30075,0.0
165.32645,0.0
165.40395,0.0
165.56135,0.0
165.5692,0.0
165.6045,0.0
165.615,0.0
165.63535,0.0
165.64615,0.0
165.64845,0.0
165.66795,2.0
165.7478,0.0
165.81365,0.0
165.89215,1.0
165.92735,0.0
165.96375,0.0
166.0066,0.0
166.02425,0.0
166.04435,0.0
166.0475,1.0
166.0501,1.0
166.0596,0.0
166.0621,1.0
166.06425,1.0
166.0686,0.0
166.0746,0.0
166.07945,0.0
166.08385,1.0
166.08925,1.0
166.09275,0.0
166.0971,1.0
166.0999,0.0
166.1057,1.0
166.11315,1.0
166.1159,1.0
166.12225,1.0
166.1477,1.0
166.1695,1.0
166.17515,1.0
166.18685,1.0
166.1979,0.0
166.19985,1.0
166.23135,1.0
166.2378,0.0
166.24295,0.0
166.24715,0.0
166.25995,1.0
166.26535,0.0
166.27045,1.0
166.27485,1.0
166.2844,0.0
166.2945,1.0
166.30035,0.0
166.3055,0.0
166.3088,0.0
166.315,1.0
166.32725,1.0
166.3319,0.0
166.33345,1.0
166.3389,0.0
166.3416,1.0
166.34505,1.0
166.35435,1.0
166.35925,1.0
166.36375,1.0
166.36625,1.0
166.3777,0.0
166.3822,1.0
166.3871,0.0
166.4071,0.0
166.4149,1.0
166.42095,0.0
166.42375,1.0
166.4264,1.0
166.44775,0.0
166.45335,0.0
166.4631,0.0
166.47475,1.0
166.486,0.0
166.4942,1.0
166.5181,1.0
166.58355,0.0
166.6128,0.0
166.68115,0.0
166.70225,1.0
166.71365,0.0
167.14705,0.0
167.19475,0.0
167.22255,1.0
167.2385,0.0
167.2819,2.0
167.3054,0.0
167.3352,0.0
167.35965,0.0
167.3776,0.0
167.4987,0.0
167.56655,2.0
167.66605,0.0
167.6752,0.0
167.7955,0.0
167.81105,0.0
167.8941,0.0
167.89845,0.0
167.93695,2.0
167.9763,0.0
168.0288,0.0
168.0316,0.0
168.0371,1.0
168.04355,0.0
168.07785,0.0
168.3986,0.0
168.4073,0.0
168.42035,1.0
168.4383,2.0
168.4632,1.0
168.47385,1.0
168.5106,1.0
168.53305,0.0
168.5462,1.0
168.6102,1.0
168.6255,1.0
168.64135,0.0
168.66635,1.0
168.67995,1.0
168.74565,0.0
168.7521,0.0
168.77995,0.0
168.83195,0.0
168.9106,1.0
168.9256,1.0
168.9852,2.0
168.9886,0.0
169.00265,0.0
169.0276,0.0
169.04715,1.0
169.1055,0.0
169.17275,1.0
169.1827,1.0
169.19465,1.0
169.2851,1.0
169.2886,1.0
169.2929,1.0
169.2975,1.0
169.30145,1.0
169.32375,2.0
169.33095,1.0
169.33305,1.0
169.35285,0.0
169.39315,1.0
169.39775,0.0
169.4297,1.0
169.4348,1.0
169.4374,1.0
169.4599,1.0
169.47885,1.0
169.51675,1.0
169.533,0.0
169.598,2.0
169.65225,0.0
169.7011,0.0
169.7428,2.0
169.84545,0.0
169.86445,0.0
169.90695,1.0
169.92905,0.0
169.94915,0.0
170.0205,1.0
170.03,0.0
170.0332,0.0
170.0384,1.0
170.0699,1.0
170.0924,0.0
170.21395,0.0
170.26155,1.0
170.3081,1.0
170.32075,0.0
170.35015,0.0
170.3854,0.0
170.542,0.0
170.58725,1.0
170.59825,2.0
170.61505,1.0
170.64155,0.0
170.6811,1.0
170.685,0.0
170.74535,0.0
170.7962,1.0
170.79895,1.0
171.0711,0.0
171.13295,1.0
171.14785,0.0
171.1946,1.0
171.2679,0.0
171.3236,0.0
171.35195,0.0
171.47645,0.0
171.51575,0.0
171.63295,0.0
171.6965,0.0
171.79905,2.0
171.9209,0.0
171.94165,0.0
171.97515,2.0
172.0098,0.0
172.01685,1.0
172.02245,1.0
172.12045,1.0
172.1663,1.0
172.16955,0.0
172.1899,1.0
172.25905,1.0
172.2868,0.0
172.30505,1.0
172.3296,1.0
172.33745,0.0
172.34,1.0
172.3687,1.0
172.4028,1.0
172.4203,0.0
172.4441,1.0
172.4753,1.0
172.49195,1.0
172.5072,2.0
172.59075,2.0
172.604,0.0
172.6158,0.0
172.63805,0.0
172.64595,0.0
172.66785,2.0
172.7061,1.0
172.7536,0.0
172.7981,0.0
172.85175,2.0
172.85725,1.0
172.9422,1.0
172.98425,1.0
173.0107,0.0
173.1628,2.0
173.34315,0.0
173.43395,0.0
173.44905,0.0
173.51505,2.0
173.54905,0.0
173.6257,0.0
173.64355,2.0
173.70405,0.0
173.7773,0.0
173.81845,1.0
173.8477,0.0
173.89765,2.0
173.94475,0.0
173.97885,1.0
173.9993,0.0
174.0047,0.0
174.0272,0.0
174.0589,1.0
174.09525,1.0
174.11585,1.0
174.1335,2.0
174.24995,1.0
174.3516,0.0
174.45615,0.0
174.4621,0.0
174.54735,0.0
174.65135,0.0
174.6599,0.0
174.6816,2.0
174.8225,0.0
174.85305,1.0
174.90815,0.0
174.9192,0.0
174.9418,2.0
175.0368,1.0
175.07985,1.0
175.10105,1.0
175.1034,1.0
175.12045,0.0
175.14025,0.0
175.15915,1.0
175.18145,1.0
175.1898,1.0
175.1919,1.0
175.21495,1.0
175.2305,1.0
175.23595,1.0
175.2457,1.0
175.26155,1.0
175.26805,1.0
175.35,0.0
175.36175,1.0
175.36955,1.0
175.38185,1.0
175.389,1.0
175.3934,1.0
175.40725,0.0
175.4151,0.0
175.44435,1.0
175.45195,1.0
175.49775,1.0
175.6776,0.0
175.70705,1.0
175.7664,0.0
175.7743,0.0
175.8527,0.0
175.8785,0.0
175.8909,0.0
175.9031,0.0
175.92535,1.0
176.0318,0.0
176.0711,0.0
176.0875,0.0
176.1021,0.0
176.24125,0.0
176.2707,0.0
176.2918,1.0
176.39505,1.0
176.44405,0.0
176.48125,1.0
176.486,0.0
176.52425,0.0
176.53835,0.0
176.67415,2.0
176.69675,2.0
176.7145,0.0
176.72025,0.0
176.73645,1.0
176.8513,0.0
176.88525,2.0
176.9292,0.0
176.94395,0.0
177.00265,0.0
177.0496,0.0
177.14325,2.0
177.27565,0.0
177.28245,1.0
177.28565,0.0
177.3355,0.0
177.40225,0.0
177.44465,0.0
177.45965,1.0
177.46645,0.0
177.4694,1.0
177.4734,0.0
177.5128,0.0
177.7013,0.0
177.72305,0.0
177.73085,1.0
177.79145,0.0
177.91025,0.0
177.92295,0.0
177.95285,1.0
177.95745,1.0
178.0108,1.0
178.0387,1.0
178.06735,1.0
178.07375,1.0
178.0851,1.0
178.0987,0.0
178.1548,1.0
178.194,0.0
178.1973,0.0
178.2105,0.0
178.24195,1.0
178.25075,0.0
178.2558,1.0
178.29135,1.0
178.29805,1.0
178.3122,1.0
178.32625,1.0
178.33055,1.0
178.33335,1.0
178.35285,0.0
178.36545,1.0
178.36975,1.0
178.38355,1.0
178.4008,1.0
178.44485,1.0
178.4839,1.0
178.5624,1.0
178.5799,0.0
178.64875,0.0
178.66655,0.0
178.6815,0.0
178.7038,1.0
178.8137,0.0
178.93425,0.0
178.9383,1.0
179.0377,1.0
179.05745,0.0
179.06515,0.0
179.13715,0.0
179.16425,1.0
179.2237,2.0
179.22815,2.0
179.2664,1.0
179.2738,0.0
179.2812,1.0
179.2983,0.0
179.38215,1.0
179.45555,0.0
179.4704,0.0
179.499,0.0
179.5123,0.0
179.52,0.0
179.5319,0.0
179.57575,0.0
179.594,1.0
179.60355,1.0
179.63755,0.0
179.8776,0.0
180.00775,2.0
180.04155,1.0
180.0708,1.0
180.219,1.0
180.323,1.0
180.42455,0.0
180.4613,1.0
180.48715,0.0
180.5114,2.0
180.5189,1.0
180.61515,0.0
180.70285,0.0
180.726,0.0
181.00815,0.0
181.01825,1.0
181.0297,1.0
181.03965,0.0
181.04135,1.0
181.05585,0.0
181.06855,0.0
181.0876,0.0
181.09015,0.0
181.09985,0.0
181.1056,0.0
181.11525,0.0
181.132,0.0
181.1381,0.0
181.1426,0.0
181.15645,1.0
181.1708,0.0
181.1869,0.0
181.1924,0.0
181.2043,0.0
181.2193,0.0
181.2221,0.0
181.22945,0.0
181.2365,1.0
181.2417,0.0
181.2467,1.0
181.2633,1.0
181.2719,0.0
181.2799,0.0
181.2871,1.0
181.3073,0.0
181.3132,1.0
181.3148,0.0
181.31945,0.0
181.32345,1.0
181.34245,0.0
181.35135,0.0
181.3551,0.0
181.37655,0.0
181.382,0.0
181.3844,0.0
181.40035,0.0
181.40595,0.0
181.43195,0.0
181.44285,0.0
181.44625,0.0
181.4532,0.0
181.45705,1.0
181.48505,2.0
181.50635,0.0
181.5812,0.0
181.64065,1.0
181.67545,1.0
181.69575,0.0
181.7062,1.0
181.74225,0.0
181.7531,0.0
181.906,1.0
181.96985,0.0
182.0497,0.0
182.05565,1.0
182.11245,1.0
182.1811,0.0
182.20415,0.0
182.232,0.0
182.30205,0.0
182.34145,0.0
182.3869,0.0
182.49315,0.0
182.6124,0.0
182.6254,0.0
182.6277,0.0
182.6625,0.0
182.7961,0.0
182.80965,1.0
182.851,0.0
182.89435,0.0
182.92125,0.0
183.1279,0.0
183.29095,1.0
183.3219,0.0
183.3389,2.0
183.4172,0.0
183.44845,0.0
183.4987,0.0
183.50595,0.0
183.6022,1.0
183.6413,0.0
183.77655,1.0
183.9208,0.0
183.932,0.0
183.9674,1.0
184.0303,1.0
184.0358,1.0
184.0495,2.0
184.05545,1.0
184.06675,1.0
184.0696,0.0
184.08955,0.0
184.09375,0.0
184.11415,2.0
184.117,2.0
184.11985,0.0
184.12455,0.0
184.1298,0.0
184.1338,0.0
184.16015,0.0
184.16285,0.0
184.1757,1.0
184.19155,0.0
184.2108,1.0
184.21385,0.0
184.2227,1.0
184.23425,1.0
184.2361,0.0
184.24295,0.0
184.2613,1.0
184.26365,0.0
184.26665,1.0
184.2737,0.0
184.2885,1.0
184.311,1.0
184.3282,1.0
184.34505,1.0
184.35375,0.0
184.35805,1.0
184.36825,0.0
184.38155,0.0
184.40095,1.0
184.41975,1.0
184.4236,1.0
184.4313,1.0
184.46155,1.0
184.47875,0.0
184.484,0.0
184.48665,1.0
184.4896,0.0
184.49545,1.0
184.82595,0.0
184.98865,1.0
185.03225,0.0
185.215,0.0
185.2929,0.0
185.3028,0.0
185.51345,0.0
185.51585,0.0
185.61855,2.0
185.68835,1.0
185.6908,0.0
185.71335,0.0
185.7786,1.0
185.8721,1.0
185.9315,0.0
185.95775,1.0
185.996,1.0
186.02855,0.0
186.0357,0.0
186.132,0.0
186.1831,1.0
186.20505,0.0
186.22885,0.0
186.2325,0.0
186.3643,0.0
186.3781,0.0
186.39055,2.0
186.5478,0.0
186.6805,0.0
186.71325,1.0
186.7958,2.0
186.8735,0.0
186.9522,0.0
186.98695,0.0
187.0037,1.0
187.06895,1.0
187.0861,0.0
187.1141,1.0
187.14455,1.0
187.17735,1.0
187.19235,1.0
187.19645,1.0
187.20775,0.0
187.2183,1.0
187.231,1.0
187.2388,1.0
187.2762,1.0
187.3021,0.0
187.30445,1.0
187.32605,1.0
187.33175,1.0
187.34065,0.0
187.3434,1.0
187.35215,1.0
187.36815,1.0
187.4003,1.0
187.4197,0.0
187.43225,0.0
187.49045,1.0
187.55505,1.0
187.72945,0.0
187.7691,0.0
187.77805,0.0
187.95225,2.0
188.0506,0.0
188.0533,0.0
188.0975,0.0
188.1427,0.0
188.22225,0.0
188.2542,1.0
188.37045,0.0
188.3837,1.0
188.43615,1.0
188.48035,0.0
188.4921,1.0
188.6013,1.0
188.6086,0.0
188.61135,0.0
188.6466,0.0
188.64905,0.0
188.65265,0.0
188.66455,1.0
188.71875,0.0
188.74295,2.0
188.751,1.0
188.8037,1.0
188.9983,0.0
189.0495,1.0
189.0832,0.0
189.1012,0.0
189.1204,0.0
189.2662,1.0
189.3153,1.0
189.319,0.0
189.3566,0.0
189.44785,0.0
189.46905,0.0
189.4746,0.0
189.5815,0.0
189.6085,0.0
189.701,1.0
189.7482,0.0
189.8088,0.0
189.822,0.0
189.96715,0.0
189.98685,1.0
190.02385,1.0
190.04225,0.0
190.10635,0.0
190.1656,1.0
190.17425,1.0
190.2058,0.0
190.2094,1.0
190.25675,0.0
190.2626,1.0
190.29355,1.0
190.30595,1.0
190.31055,1.0
190.3286,0.0
190.34005,1.0
190.36855,1.0
190.3952,1.0
190.4225,0.0
190.4381,1.0
190.45845,1.0
190.48685,0.0
190.4901,1.0
190.5483,0.0
190.55485,0.0
190.5858,1.0
190.59925,0.0
190.6095,0.0
190.63565,1.0
190.8245,0.0
190.8636,1.0
190.9824,0.0
190.98535,0.0
191.08285,0.0
191.0878,0.0
191.0908,0.0
191.1408,0.0
191.15195,0.0
191.177,0.0
191.28705,1.0
191.3193,2.0
191.4007,0.0
191.51535,0.0
191.5437,1.0
191.5635,0.0
191.6136,0.0
191.6248,0.0
191.657,0.0
191.75145,1.0
191.8216,0.0
191.88465,0.0
192.00645,0.0
192.0504,0.0
192.10785,0.0
192.12135,0.0
192.15295,0.0
192.16535,0.0
192.2536,1.0
192.2555,0.0
192.2953,0.0
192.31465,2.0
192.3779,0.0
192.4151,0.0
192.47035,0.0
192.5368,0.0
192.5886,0.0
192.59855,0.0
192.666,1.0
192.6957,0.0
192.75465,0.0
192.8923,0.0
193.01945,1.0
193.09845,1.0
193.1445,1.0
193.16815,0.0
193.17595,1.0
193.1889,1.0
193.19145,0.0
193.20945,1.0
193.2458,0.0
193.28595,1.0
193.30285,2.0
193.31705,1.0
193.3268,1.0
193.3433,0.0
193.4392,1.0
193.44895,1.0
193.4877,1.0
193.49045,1.0
193.59765,0.0
193.67875,0.0
193.68945,0.0
193.73135,2.0
193.80725,0.0
193.83595,0.0
193.87025,0.0
193.9053,1.0
193.95495,0.0
193.97195,1.0
194.181,0.0
194.19965,0.0
194.23645,1.0
194.26465,2.0
194.30905,0.0
194.49635,0.0
194.54275,0.0
194.6092,1.0
194.6253,0.0
194.6641,0.0
194.6913,0.0
194.7218,0.0
194.7807,0.0
194.79895,1.0
194.85655,2.0
194.88015,1.0
194.897,0.0
194.9054,1.0
194.99155,0.0
195.00455,0.0
195.11305,0.0
195.15625,0.0
195.2604,0.0
195.41745,1.0
195.42155,0.0
195.4589,1.0
195.5715,1.0
195.7055,0.0
195.8419,2.0
195.8929,1.0
195.89775,0.0
195.93795,0.0
195.9618,1.0
196.01705,1.0
196.04525,0.0
196.064,1.0
196.0669,0.0
196.07175,1.0
196.081,
196.08425,0.0
196.0969,0.0
196.1081,1.0
196.11335,1.0
196.13,0.0
196.13395,0.0
196.143,1.0
196.16475,1.0
196.16995,0.0
196.1764,1.0
196.17935,0.0
196.19165,1.0
196.1963,0.0
196.2117,0.0
196.21645,0.0
196.22745,1.0
196.2348,1.0
196.238,0.0
196.23985,1.0
196.28475,0.0
196.28985,1.0
196.30285,1.0
196.31065,1.0
196.3123,0.0
196.31975,0.0
196.34025,0.0
196.3429,0.0
196.3461,1.0
196.35485,0.0
196.36575,1.0
196.37205,1.0
196.3972,1.0
196.403,0.0
196.4215,0.0
196.4349,0.0
196.43715,1.0
196.43935,0.0
196.44175,0.0
196.44465,0.0
196.449,1.0
196.4542,1.0
196.4655,1.0
196.4711,0.0
196.49785,0.0
196.5574,0.0
196.5832,0.0
196.62165,0.0
196.6936,2.0
196.72015,0.0
196.7357,0.0
196.76245,2.0
196.8029,0.0
196.8479,1.0
196.8966,0.0
196.95925,1.0
197.05575,1.0
197.0674,0.0
197.08805,0.0
197.0946,0.0
197.11595,1.0
197.1259,0.0
197.1826,1.0
197.19325,0.0
197.1977,0.0
197.24505,0.0
197.2938,1.0
197.2978,0.0
197.32265,0.0
197.3426,0.0
197.38065,0.0
197.4073,0.0
197.4635,1.0
197.4848,0.0
197.49725,1.0
197.5076,0.0
197.59225,0.0
197.6743,1.0
197.67755,0.0
197.7962,0.0
197.83395,0.0
197.8989,1.0
197.93865,0.0
197.9446,1.0
197.95585,0.0
197.95895,0.0
197.9663,1.0
198.0848,0.0
198.0891,0.0
198.2136,0.0
198.2484,0.0
198.2712,0.0
198.2745,0.0
198.3413,0.0
198.3813,1.0
198.5435,0.0
198.597,1.0
198.7208,0.0
198.8402,0.0
198.85005,0.0
198.904,0.0
199.0004,1.0
199.00665,1.0
199.00935,0.0
199.02315,0.0
199.02735,1.0
199.03095,1.0
199.0394,1.0
199.05625,1.0
199.0592,1.0
199.0674,0.0
199.10045,1.0
199.11085,1.0
199.1219,0.0
199.12455,0.0
199.13595,1.0
199.13965,0.0
199.1434,0.0
199.15235,1.0
199.1593,1.0
199.19005,1.0
199.20185,0.0
199.20725,0.0
199.20895,1.0
199.21155,1.0
199.23495,1.0
199.2468,1.0
199.25575,1.0
199.25915,0.0
199.2726,1.0
199.28305,1.0
199.2915,1.0
199.31225,1.0
199.32815,1.0
199.33595,0.0
199.33945,0.0
199.34625,1.0
199.3551,1.0
199.36455,0.0
199.39235,1.0
199.40735,1.0
199.42775,0.0
199.44955,1.0
199.4529,1.0
199.45705,0.0
199.45885,1.0
199.4613,1.0
199.4662,1.0
199.4881,2.0
199.5042,0.0
199.7344,1.0
199.8501,0.0
199.89175,0.0
199.93335,1.0
199.9686,0.0
200.3394,1.0
200.36485,2.0
200.3784,1.0
200.41005,0.0
200.5431,0.0
200.58235,1.0
200.5924,1.0
200.6039,1.0
200.62205,0.0
200.64315,0.0
200.6896,1.0
200.7085,0.0
200.7915,0.0
200.93505,0.0
200.9517,2.0
200.9874,1.0
200.9922,1.0
201.0356,1.0
201.14005,0.0
201.18145,0.0
201.21635,0.0
201.26705,0.0
201.2922,1.0
201.3947,0.0
201.46165,0.0
201.49805,1.0
201.59445,1.0
201.6088,2.0
201.6451,0.0
201.67025,2.0
201.68545,0.0
201.8103,1.0
201.8187,0.0
201.8812,0.0
201.93165,0.0
201.93415,1.0
201.9989,0.0
202.0016,0.0
202.0092,0.0
202.01745,0.0
202.02295,0.0
202.04195,1.0
202.06695,1.0
202.0908,1.0
202.09695,1.0
202.15345,1.0
202.1601,1.0
202.22115,1.0
202.2235,1.0
202.2562,1.0
202.25835,1.0
202.2906,1.0
202.32485,0.0
202.4276,0.0
202.4329,1.0
202.44255,1.0
202.44495,1.0
202.4604,1.0
202.47015,0.0
202.47265,0.0
202.4902,1.0
202.49785,0.0
202.63185,0.0
202.70525,0.0
202.7081,0.0
202.71475,0.0
202.7254,0.0
202.80085,2.0
202.8493,0.0
203.18715,1.0
203.2198,0.0
203.2649,1.0
203.30385,1.0
203.3254,0.0
203.3384,0.0
203.3408,1.0
203.3863,1.0
203.444,
203.5276,2.0
203.56415,0.0
203.60465,2.0
203.61955,0.0
203.6985,1.0
203.779,1.0
203.7811,0.0
203.7959,0.0
203.8939,0.0
203.9946,1.0
203.99615,0.0
204.0103,2.0
204.12365,0.0
204.12565,0.0
204.13695,1.0
204.1735,0.0
204.23945,0.0
204.3175,0.0
204.36775,1.0
204.3825,0.0
204.3912,0.0
204.4375,0.0
204.4469,0.0
204.4964,0.0
204.5059,0.0
204.554,0.0
204.5978,0.0
204.60535,0.0
204.7527,0.0
204.8166,0.0
204.82425,0.0
204.90095,0.0
205.003,0.0
205.01985,0.0
205.0493,0.0
205.0817,0.0
205.0887,0.0
205.09175,2.0
205.09765,1.0
205.1183,1.0
205.1311,0.0
205.14805,1.0
205.1513,2.0
205.17345,1.0
205.18195,0.0
205.1904,1.0
205.2157,0.0
205.24975,0.0
205.26295,1.0
205.2737,0.0
205.27585,0.0
205.2822,0.0
205.2951,0.0
205.30315,0.0
205.3147,1.0
205.3215,1.0
205.3249,1.0
205.3311,0.0
205.3371,1.0
205.3521,0.0
205.3713,0.0
205.37975,0.0
205.39325,0.0
205.4078,0.0
205.41915,1.0
205.44765,0.0
205.4616,1.0
205.4676,1.0
205.4711,0.0
205.4896,1.0
205.5082,0.0
205.52415,0.0
205.54005,0.0
205.55685,0.0
205.56065,0.0
205.5854,1.0
205.5925,1.0
205.62155,0.0
205.7054,1.0
205.82865,0.0
205.9562,1.0
205.98305,0.0
206.0248,0.0
206.06985,0.0
206.21205,1.0
206.30765,1.0
206.3874,0.0
206.42135,0.0
206.4301,0.0
206.46635,0.0
206.4883,1.0
206.5138,1.0
206.52835,0.0
206.55705,2.0
206.5883,0.0
206.6421,1.0
206.6813,0.0
206.82595,1.0
207.0297,0.0
207.0825,0.0
207.1112,0.0
207.13955,0.0
207.1542,0.0
207.17995,0.0
207.29105,0.0
207.30935,0.0
207.31695,0.0
207.3233,0.0
207.3678,0.0
207.38475,2.0
207.41905,1.0
207.4534,2.0
207.5259,0.0
207.538,0.0
207.66295,0.0
207.6981,1.0
207.7745,2.0
207.7767,1.0
207.8114,1.0
207.95255,0.0
207.96555,0.0
207.98085,0.0
208.0008,1.0
208.0352,1.0
208.0381,0.0
208.048,1.0
208.0527,2.0
208.06735,1.0
208.08255,1.0
208.09435,0.0
208.11025,1.0
208.12485,1.0
208.16895,1.0
208.1814,0.0
208.19385,1.0
208.20665,1.0
208.22635,1.0
208.2348,0.0
208.2718,0.0
208.28385,1.0
208.32725,0.0
208.33405,1.0
208.33765,0.0
208.349,1.0
208.359,1.0
208.374,1.0
208.3967,1.0
208.41735,1.0
208.4384,1.0
208.4773,1.0
208.47985,1.0
208.4891,1.0
208.49535,0.0
208.52345,0.0
208.54365,0.0
208.58925,0.0
208.5941,0.0
208.60095,1.0
208.6564,1.0
208.66655,0.0
208.6928,0.0
208.6995,0.0
208.70825,1.0
208.75785,0.0
208.77215,0.0
208.88825,0.0
208.8995,0.0
208.917,1.0
208.9677,0.0
209.05435,1.0
209.1499,0.0
209.3435,0.0
209.37135,0.0
209.4174,0.0
209.42765,1.0
209.4554,0.0
209.7076,0.0
209.74165,1.0
209.793,0.0
209.8092,1.0
209.91275,0.0
209.9341,0.0
209.96325,0.0
